year,marriages_total,marriages_per_1000,avg_age_m,avg_age_f,divorces_total,divorces_per_1000,avg_duration
1975,35200,5.6,26.6,24.3,8900,1.4,11.2
1976,32100,5.1,26.7,24.4,9600,1.5,11.1
1977,33000,5.3,27.0,24.6,10500,1.7,11.1
1978,32100,5.1,27.1,24.7,10500,1.7,11.2
1979,34000,5.4,27.3,24.8,10400,1.7,11.3
1980,35700,5.7,27.4,25.0,10900,1.7,11.5
1981,35800,5.6,27.5,25.1,11100,1.8,11.3
1982,37000,5.8,27.7,25.3,11600,1.8,11.4
1983,37600,5.9,27.9,25.5,11700,1.8,11.5
1984,38600,6.0,28.1,25.8,11200,1.7,11.5
1985,38800,6.0,28.4,26.0,11400,1.8,11.6
1986,40200,6.2,28.6,26.2,11400,1.8,11.7
1987,43100,6.6,28.8,26.4,11600,1.8,12.0
1988,45700,6.9,28.9,26.6,12700,1.9,12.1
1989,45100,6.8,29.0,26.7,12700,1.9,11.9
1990,46600,6.9,29.1,26.7,13200,2.0,11.9
1991,47600,7.0,29.2,26.8,13600,2.0,11.8
1992,45100,6.6,29.2,26.8,14500,2.1,11.8
1993,43300,6.2,29.3,27.0,15100,2.2,12.0
1994,42400,6.1,29.6,27.2,15600,2.2,12.1
1995,40800,5.8,29.7,27.3,15700,2.2,12.3
1996,40600,5.7,29.7,27.3,16200,2.3,12.6
1997,39100,5.5,29.8,27.4,17100,2.4,12.8
1998,38700,5.4,30.0,27.6,17900,2.5,12.7
1999,40600,5.7,30.3,27.7,20800,2.9,12.9
2000,39800,5.5,30.3,27.9,10500,1.5,13.1
2001,39200,5.4,30.4,28.0,15800,2.2,13.4
2002,40200,5.5,30.5,28.1,16400,2.2,13.4
2003,40100,5.5,30.6,28.4,16800,2.3,13.6
2004,39500,5.3,30.8,28.6,17900,2.4,13.8
2005,40100,5.4,31.0,28.7,21300,2.9,14.3
2006,39800,5.3,31.0,28.7,21000,2.8,14.6
2007,40300,5.3,31.2,28.9,19900,2.6,14.5
2008,41500,5.4,31.4,29.1,19600,2.6,14.6
2009,41900,5.4,31.5,29.2,19300,2.5,14.5
2010,43300,5.5,31.6,29.4,22100,2.8,14.5
2011,42100,5.3,31.8,29.5,17600,2.2,14.6
2012,42700,5.3,31.7,29.5,17600,2.2,14.6
2013,39800,4.9,31.8,29.6,17100,2.1,14.7
2014,41900,5.1,31.8,29.6,16700,2.0,15.0
2015,41400,5.0,31.9,29.6,17000,2.0,14.9
2016,41600,5.0,32.0,29.8,17000,2.0,15.0
2017,40600,4.8,32.0,29.9,15900,1.9,15.1
2018,40700,4.8,32.1,30.0,16500,1.9,15.2
2019,39000,4.5,32.3,30.1,16900,2.0,15.4
2020,35200,4.1,32.2,30.2,16200,1.9,15.6
2021,36400,4.2,32.2,30.3,17200,2.0,15.7
2022,40900,4.7,32.5,30.4,16200,1.8,15.7
2023,37800,4.2,32.4,30.5,15600,1.8,15.7
2024,36800,4.1,32.4,30.5,16100,1.8,15.8
2025,35900,4.0,32.4,30.7,15800,1.7,15.8