"Kursname 52";"Anlassnummer";"Startzeit";"Endzeit";"StartzeitN";"EndzeitN";"Modulleitung";"Raum";"Klasse"
"25c1 Audiovisuelles Erzählen II";"mod.mmp-AVE02.FS27_BS.001";"20260209T081500Z";"20260209T113000Z";"09.02.2026 09:15:00";"09.02.2026 12:30:00";"Merle Jothe/Andrin Egger";"I 0.31/I0.02/0.03";"mmp25c1"
"25c1 Audiovisuelles Erzählen II";"mod.mmp-AVE02.FS27_BS.001";"20260209T123000Z";"20260209T154500Z";"09.02.2026 13:30:00";"09.02.2026 16:45:00";"Merle Jothe/Andrin Egger";"I 0.31/ TV studio/ I0.02/0.03";"mmp25c1"
"25c1 Audiovisuelles Erzählen II";"mod.mmp-AVE02.FS27_BS.001";"20260210T081500Z";"20260210T113000Z";"10.02.2026 09:15:00";"10.02.2026 12:30:00";"Merle Jothe/Andrin Egger";"online";"mmp25c1"
"25c1 Audiovisuelles Erzählen II";"mod.mmp-AVE02.FS27_BS.001";"20260210T123000Z";"20260210T154500Z";"10.02.2026 13:30:00";"10.02.2026 16:45:00";"Merle Jothe/Andrin Egger";"online";"mmp25c1"
"25c1 Audiovisuelles Erzählen II";"mod.mmp-AVE02.FS27_BS.001";"20260211T081500Z";"20260211T113000Z";"11.02.2026 09:15:00";"11.02.2026 12:30:00";"Merle Jothe/Andrin Egger";"I 0.31";"mmp25c1"
"25c1 Audiovisuelles Erzählen II";"mod.mmp-AVE02.FS27_BS.001";"20260211T123000Z";"20260211T154500Z";"11.02.2026 13:30:00";"11.02.2026 16:45:00";"Merle Jothe/Andrin Egger";"I 0.31";"mmp25c1"
"25c1 Audiovisuelles Erzählen II";"mod.mmp-AVE02.FS27_BS.001";"20260212T081500Z";"20260212T113000Z";"12.02.2026 09:15:00";"12.02.2026 12:30:00";"Merle Jothe/Andrin Egger";"I 0.31";"mmp25c1"
"25c1 Audiovisuelles Erzählen II";"mod.mmp-AVE02.FS27_BS.001";"20260212T123000Z";"20260212T154500Z";"12.02.2026 13:30:00";"12.02.2026 16:45:00";"Merle Jothe/Andrin Egger";"I 0.31";"mmp25c1"
"25c1 Audiovisuelles Erzählen II";"mod.mmp-AVE02.FS27_BS.001";"20260213T081500Z";"20260213T113000Z";"13.02.2026 09:15:00";"13.02.2026 12:30:00";"Merle Jothe/Andrin Egger";"selbststudium";"mmp25c1"
"25c1 Audiovisuelles Erzählen II";"mod.mmp-AVE02.FS27_BS.001";"20260213T123000Z";"20260213T154500Z";"13.02.2026 13:30:00";"13.02.2026 16:45:00";"Merle Jothe/Andrin Egger";"selbststudium";"mmp25c1"
"25c1 Audiovisuelles Erzählen II";"mod.mmp-AVE02.FS27_BS.001";"20260224T081500Z";"20260224T113000Z";"24.02.2026 09:15:00";"24.02.2026 12:30:00";"Merle Jothe/Andrin Egger";"I-0.31";"mmp25c1"
"25c1 Audiovisuelles Erzählen II";"mod.mmp-AVE02.FS27_BS.001";"20260326T081500Z";"20260326T113000Z";"26.03.2026 09:15:00";"26.03.2026 12:30:00";"Merle Jothe/Andrin Egger";"tba";"mmp25c1"
"25c1 Audiovisuelles Erzählen II";"mod.mmp-AVE02.FS27_BS.001";"20260326T123000Z";"20260326T154500Z";"26.03.2026 13:30:00";"26.03.2026 16:45:00";"Merle Jothe/Andrin Egger";"tba";"mmp25c1"
"25c1 Audiovisuelles Erzählen II";"mod.mmp-AVE02.FS27_BS.001";"20260423T071500Z";"20260423T103000Z";"23.04.2026 09:15:00";"23.04.2026 12:30:00";"Merle Jothe/Andrin Egger";"H1.17";"mmp25c1"
"25c1 Audiovisuelles Erzählen II";"mod.mmp-AVE02.FS27_BS.001";"20260430T071500Z";"20260430T103000Z";"30.04.2026 09:15:00";"30.04.2026 12:30:00";"Merle Jothe/Andrin Egger";"tba";"mmp25c1"
"25c1 Audiovisuelles Erzählen II";"mod.mmp-AVE02.FS27_BS.001";"20260430T113000Z";"20260430T144500Z";"30.04.2026 13:30:00";"30.04.2026 16:45:00";"Merle Jothe/Andrin Egger";"tba";"mmp25c1"
"25c1 Audiovisuelles Erzählen II";"mod.mmp-AVE02.FS27_BS.001";"20260519T071500Z";"20260519T103000Z";"19.05.2026 09:15:00";"19.05.2026 12:30:00";"Merle Jothe/Andrin Egger";"I 0.04/05";"mmp25c1"
"25c2 Audiovisuelles Erzählen II";"mod.mmp-AVE02.FS27_BS.002";"20260209T081500Z";"20260209T113000Z";"09.02.2026 09:15:00";"09.02.2026 12:30:00";"Merle Jothe/Andrin Egger";"I 0.30";"mmp25c2"
"25c2 Audiovisuelles Erzählen II";"mod.mmp-AVE02.FS27_BS.002";"20260209T123000Z";"20260209T154500Z";"09.02.2026 13:30:00";"09.02.2026 16:45:00";"Merle Jothe/Andrin Egger";"I 0.30";"mmp25c2"
"25c2 Audiovisuelles Erzählen II";"mod.mmp-AVE02.FS27_BS.002";"20260210T081500Z";"20260210T113000Z";"10.02.2026 09:15:00";"10.02.2026 12:30:00";"Merle Jothe/Andrin Egger";"I 0.31/I0.02/0.03";"mmp25c2"
"25c2 Audiovisuelles Erzählen II";"mod.mmp-AVE02.FS27_BS.002";"20260210T123000Z";"20260210T154500Z";"10.02.2026 13:30:00";"10.02.2026 16:45:00";"Merle Jothe/Andrin Egger";"I 0.31/I0.02/0.03/ TV studio";"mmp25c2"
"25c2 Audiovisuelles Erzählen II";"mod.mmp-AVE02.FS27_BS.002";"20260211T081500Z";"20260211T113000Z";"11.02.2026 09:15:00";"11.02.2026 12:30:00";"Merle Jothe/Andrin Egger";"selbststudium";"mmp25c2"
"25c2 Audiovisuelles Erzählen II";"mod.mmp-AVE02.FS27_BS.002";"20260211T123000Z";"20260211T154500Z";"11.02.2026 13:30:00";"11.02.2026 16:45:00";"Merle Jothe/Andrin Egger";"selbststudium";"mmp25c2"
"25c2 Audiovisuelles Erzählen II";"mod.mmp-AVE02.FS27_BS.002";"20260212T081500Z";"20260212T113000Z";"12.02.2026 09:15:00";"12.02.2026 12:30:00";"Merle Jothe/Andrin Egger";"selbststudium";"mmp25c2"
"25c2 Audiovisuelles Erzählen II";"mod.mmp-AVE02.FS27_BS.002";"20260212T123000Z";"20260212T154500Z";"12.02.2026 13:30:00";"12.02.2026 16:45:00";"Merle Jothe/Andrin Egger";"selbststudium";"mmp25c2"
"25c2 Audiovisuelles Erzählen II";"mod.mmp-AVE02.FS27_BS.002";"20260213T081500Z";"20260213T113000Z";"13.02.2026 09:15:00";"13.02.2026 12:30:00";"Merle Jothe/Andrin Egger";"I 0.30";"mmp25c2"
"25c2 Audiovisuelles Erzählen II";"mod.mmp-AVE02.FS27_BS.002";"20260213T123000Z";"20260213T154500Z";"13.02.2026 13:30:00";"13.02.2026 16:45:00";"Merle Jothe/Andrin Egger";"I 0.30";"mmp25c2"
"25c2 Audiovisuelles Erzählen II";"mod.mmp-AVE02.FS27_BS.002";"20260224T081500Z";"20260224T113000Z";"24.02.2026 09:15:00";"24.02.2026 12:30:00";"Merle Jothe/Andrin Egger";"I-0.30";"mmp25c2"
"25c2 Audiovisuelles Erzählen II";"mod.mmp-AVE02.FS27_BS.002";"20260326T081500Z";"20260326T113000Z";"26.03.2026 09:15:00";"26.03.2026 12:30:00";"Merle Jothe/Andrin Egger";"tba";"mmp25c2"
"25c2 Audiovisuelles Erzählen II";"mod.mmp-AVE02.FS27_BS.002";"20260326T123000Z";"20260326T154500Z";"26.03.2026 13:30:00";"26.03.2026 16:45:00";"Merle Jothe/Andrin Egger";"tba";"mmp25c2"
"25c2 Audiovisuelles Erzählen II";"mod.mmp-AVE02.FS27_BS.002";"20260423T113000Z";"20260423T144500Z";"23.04.2026 13:30:00";"23.04.2026 16:45:00";"Merle Jothe/Andrin Egger";"H1.17";"mmp25c2"
"25c2 Audiovisuelles Erzählen II";"mod.mmp-AVE02.FS27_BS.002";"20260429T071500Z";"20260429T103000Z";"29.04.2026 09:15:00";"29.04.2026 12:30:00";"Merle Jothe/Andrin Egger";"tba";"mmp25c2"
"25c2 Audiovisuelles Erzählen II";"mod.mmp-AVE02.FS27_BS.002";"20260429T113000Z";"20260429T144500Z";"29.04.2026 13:30:00";"29.04.2026 16:45:00";"Merle Jothe/Andrin Egger";"tba";"mmp25c2"
"25c2 Audiovisuelles Erzählen II";"mod.mmp-AVE02.FS27_BS.002";"20260519T113000Z";"20260519T144500Z";"19.05.2026 13:30:00";"19.05.2026 16:45:00";"Merle Jothe/Andrin Egger";"I 0.04/05";"mmp25c2"
"25b Audiovisuelles Erzählen II";"mod.mmp-AVE02.FS27_BS.003";"20260209T081500Z";"20260209T113000Z";"09.02.2026 09:15:00";"09.02.2026 12:30:00";"Merle Jothe/Andrin Egger";"140";"mmp25b"
"25b Audiovisuelles Erzählen II";"mod.mmp-AVE02.FS27_BS.003";"20260209T123000Z";"20260209T154500Z";"09.02.2026 13:30:00";"09.02.2026 16:45:00";"Merle Jothe/Andrin Egger";"140";"mmp25b"
"25b Audiovisuelles Erzählen II";"mod.mmp-AVE02.FS27_BS.003";"20260210T081500Z";"20260210T113000Z";"10.02.2026 09:15:00";"10.02.2026 12:30:00";"Merle Jothe/Andrin Egger";"selbststudium";"mmp25b"
"25b Audiovisuelles Erzählen II";"mod.mmp-AVE02.FS27_BS.003";"20260210T123000Z";"20260210T154500Z";"10.02.2026 13:30:00";"10.02.2026 16:45:00";"Merle Jothe/Andrin Egger";"selbststudium";"mmp25b"
"25b Audiovisuelles Erzählen II";"mod.mmp-AVE02.FS27_BS.003";"20260211T081500Z";"20260211T113000Z";"11.02.2026 09:15:00";"11.02.2026 12:30:00";"Merle Jothe/Andrin Egger";"010 / 140";"mmp25b"
"25b Audiovisuelles Erzählen II";"mod.mmp-AVE02.FS27_BS.003";"20260211T123000Z";"20260211T154500Z";"11.02.2026 13:30:00";"11.02.2026 16:45:00";"Merle Jothe/Andrin Egger";"010 / 140";"mmp25b"
"25b Audiovisuelles Erzählen II";"mod.mmp-AVE02.FS27_BS.003";"20260212T081500Z";"20260212T113000Z";"12.02.2026 09:15:00";"12.02.2026 12:30:00";"Merle Jothe/Andrin Egger";"online";"mmp25b"
"25b Audiovisuelles Erzählen II";"mod.mmp-AVE02.FS27_BS.003";"20260212T123000Z";"20260212T154500Z";"12.02.2026 13:30:00";"12.02.2026 16:45:00";"Merle Jothe/Andrin Egger";"online";"mmp25b"
"25b Audiovisuelles Erzählen II";"mod.mmp-AVE02.FS27_BS.003";"20260213T081500Z";"20260213T113000Z";"13.02.2026 09:15:00";"13.02.2026 12:30:00";"Merle Jothe/Andrin Egger";"140";"mmp25b"
"25b Audiovisuelles Erzählen II";"mod.mmp-AVE02.FS27_BS.003";"20260213T123000Z";"20260213T154500Z";"13.02.2026 13:30:00";"13.02.2026 16:45:00";"Merle Jothe/Andrin Egger";"140";"mmp25b"
"25b Audiovisuelles Erzählen II";"mod.mmp-AVE02.FS27_BS.003";"20260224T081500Z";"20260224T113000Z";"24.02.2026 09:15:00";"24.02.2026 12:30:00";"Merle Jothe/Andrin Egger";"140";"mmp25b"
"25b Audiovisuelles Erzählen II";"mod.mmp-AVE02.FS27_BS.003";"20260324T081500Z";"20260324T113000Z";"24.03.2026 09:15:00";"24.03.2026 12:30:00";"Merle Jothe/Andrin Egger";"tba";"mmp25b"
"25b Audiovisuelles Erzählen II";"mod.mmp-AVE02.FS27_BS.003";"20260324T123000Z";"20260324T154500Z";"24.03.2026 13:30:00";"24.03.2026 16:45:00";"Merle Jothe/Andrin Egger";"tba";"mmp25b"
"25b Audiovisuelles Erzählen II";"mod.mmp-AVE02.FS27_BS.003";"20260423T071500Z";"20260423T103000Z";"23.04.2026 09:15:00";"23.04.2026 12:30:00";"Merle Jothe/Andrin Egger";"tba";"mmp25b"
"25b Audiovisuelles Erzählen II";"mod.mmp-AVE02.FS27_BS.003";"20260423T113000Z";"20260423T144500Z";"23.04.2026 13:30:00";"23.04.2026 16:45:00";"Merle Jothe/Andrin Egger";"tba";"mmp25b"
"25b Audiovisuelles Erzählen II";"mod.mmp-AVE02.FS27_BS.003";"20260430T113000Z";"20260430T144500Z";"30.04.2026 13:30:00";"30.04.2026 16:45:00";"Merle Jothe/Andrin Egger";"010";"mmp25b"
"25b Audiovisuelles Erzählen II";"mod.mmp-AVE02.FS27_BS.003";"20260518T071500Z";"20260518T103000Z";"18.05.2026 09:15:00";"18.05.2026 12:30:00";"Merle Jothe/Andrin Egger";"140";"mmp25b"
"25cv Audiovisuelles Erzählen II";"mod.mmp-AVE02.FS27_BS.004";"20260209T081500Z";"20260209T113000Z";"09.02.2026 09:15:00";"09.02.2026 12:30:00";"Merle Jothe/Andrin Egger";"Z2.02";"mmp25cv"
"25cv Audiovisuelles Erzählen II";"mod.mmp-AVE02.FS27_BS.004";"20260209T123000Z";"20260209T154500Z";"09.02.2026 13:30:00";"09.02.2026 16:45:00";"Merle Jothe/Andrin Egger";"Z2.02";"mmp25cv"
"25cv Audiovisuelles Erzählen II";"mod.mmp-AVE02.FS27_BS.004";"20260210T081500Z";"20260210T113000Z";"10.02.2026 09:15:00";"10.02.2026 12:30:00";"Merle Jothe/Andrin Egger";"Selbststudium";"mmp25cv"
"25cv Audiovisuelles Erzählen II";"mod.mmp-AVE02.FS27_BS.004";"20260210T123000Z";"20260210T154500Z";"10.02.2026 13:30:00";"10.02.2026 16:45:00";"Merle Jothe/Andrin Egger";"Selbststudium";"mmp25cv"
"25cv Audiovisuelles Erzählen II";"mod.mmp-AVE02.FS27_BS.004";"20260211T081500Z";"20260211T113000Z";"11.02.2026 09:15:00";"11.02.2026 12:30:00";"Merle Jothe/Andrin Egger";"Z2.02";"mmp25cv"
"25cv Audiovisuelles Erzählen II";"mod.mmp-AVE02.FS27_BS.004";"20260211T123000Z";"20260211T154500Z";"11.02.2026 13:30:00";"11.02.2026 16:45:00";"Merle Jothe/Andrin Egger";"Z2.02";"mmp25cv"
"25cv Audiovisuelles Erzählen II";"mod.mmp-AVE02.FS27_BS.004";"20260212T081500Z";"20260212T113000Z";"12.02.2026 09:15:00";"12.02.2026 12:30:00";"Merle Jothe/Andrin Egger";"Z2.02/0,03";"mmp25cv"
"25cv Audiovisuelles Erzählen II";"mod.mmp-AVE02.FS27_BS.004";"20260212T123000Z";"20260212T154500Z";"12.02.2026 13:30:00";"12.02.2026 16:45:00";"Merle Jothe/Andrin Egger";"Z2.02/0,03";"mmp25cv"
"25cv Audiovisuelles Erzählen II";"mod.mmp-AVE02.FS27_BS.004";"20260213T081500Z";"20260213T113000Z";"13.02.2026 09:15:00";"13.02.2026 12:30:00";"Merle Jothe/Andrin Egger";"online";"mmp25cv"
"25cv Audiovisuelles Erzählen II";"mod.mmp-AVE02.FS27_BS.004";"20260213T123000Z";"20260213T154500Z";"13.02.2026 13:30:00";"13.02.2026 16:45:00";"Merle Jothe/Andrin Egger";"selbststudium";"mmp25cv"
"25cv Audiovisuelles Erzählen II";"mod.mmp-AVE02.FS27_BS.004";"20260223T123000Z";"20260223T154500Z";"23.02.2026 13:30:00";"23.02.2026 16:45:00";"Merle Jothe/Andrin Egger";"Z2.02";"mmp25cv"
"25cv Audiovisuelles Erzählen II";"mod.mmp-AVE02.FS27_BS.004";"20260323T123000Z";"20260323T154500Z";"23.03.2026 13:30:00";"23.03.2026 16:45:00";"Merle Jothe/Andrin Egger";"tba";"mmp25cv"
"25cv Audiovisuelles Erzählen II";"mod.mmp-AVE02.FS27_BS.004";"20260323T160000Z";"20260323T173000Z";"23.03.2026 17:00:00";"23.03.2026 18:30:00";"Merle Jothe/Andrin Egger";"tba";"mmp25cv"
"25cv Audiovisuelles Erzählen II";"mod.mmp-AVE02.FS27_BS.004";"20260427T150000Z";"20260427T163000Z";"27.04.2026 17:00:00";"27.04.2026 18:30:00";"Merle Jothe/Andrin Egger";"tba";"mmp25cv"
"25cv Audiovisuelles Erzählen II";"mod.mmp-AVE02.FS27_BS.004";"20260429T150000Z";"20260429T163000Z";"29.04.2026 17:00:00";"29.04.2026 18:30:00";"Merle Jothe/Andrin Egger";"tba";"mmp25cv"
"25cv Audiovisuelles Erzählen II";"mod.mmp-AVE02.FS27_BS.004";"20260512T113000Z";"20260512T144500Z";"12.05.2026 13:30:00";"12.05.2026 16:45:00";"Merle Jothe/Andrin Egger";"Z2.02";"mmp25cv"
"25cv Audiovisuelles Erzählen II";"mod.mmp-AVE02.FS27_BS.004";"20260518T113000Z";"20260518T144500Z";"18.05.2026 13:30:00";"18.05.2026 16:45:00";"Merle Jothe/Andrin Egger";"Z2.02";"mmp25cv"
"24c2 Schreiben und Sprechen IV";"mod.mmp-SRSP04.FS27_BS.002";"20260209T081500Z";"20260209T113000Z";"09.02.2026 09:15:00";"09.02.2026 12:30:00";"Petra Hasler";"I 0.04/05";"mmp24c2"
"24c2 Schreiben und Sprechen IV";"mod.mmp-SRSP04.FS27_BS.002";"20260209T081500Z";"20260209T113000Z";"09.02.2026 09:15:00";"09.02.2026 12:30:00";"Petra Hasler";"I 0.04/05";"mmp24c2"
"24c2 Schreiben und Sprechen IV";"mod.mmp-SRSP04.FS27_BS.002";"20260209T123000Z";"20260209T154500Z";"09.02.2026 13:30:00";"09.02.2026 16:45:00";"Petra Hasler";"I 0.04/05";"mmp24c2"
"24c2 Schreiben und Sprechen IV";"mod.mmp-SRSP04.FS27_BS.002";"20260209T123000Z";"20260209T154500Z";"09.02.2026 13:30:00";"09.02.2026 16:45:00";"Petra Hasler";"I 0.04/05";"mmp24c2"
"24c2 Schreiben und Sprechen IV";"mod.mmp-SRSP04.FS27_BS.002";"20260210T081500Z";"20260210T113000Z";"10.02.2026 09:15:00";"10.02.2026 12:30:00";"Petra Hasler";"I 0.04/05";"mmp24c2"
"24c2 Schreiben und Sprechen IV";"mod.mmp-SRSP04.FS27_BS.002";"20260210T081500Z";"20260210T113000Z";"10.02.2026 09:15:00";"10.02.2026 12:30:00";"Petra Hasler";"I 0.04/05";"mmp24c2"
"24c2 Schreiben und Sprechen IV";"mod.mmp-SRSP04.FS27_BS.002";"20260210T123000Z";"20260210T154500Z";"10.02.2026 13:30:00";"10.02.2026 16:45:00";"Petra Hasler";"I 0.04/05";"mmp24c2"
"24c2 Schreiben und Sprechen IV";"mod.mmp-SRSP04.FS27_BS.002";"20260210T123000Z";"20260210T154500Z";"10.02.2026 13:30:00";"10.02.2026 16:45:00";"Petra Hasler";"I 0.04/05";"mmp24c2"
"24c2 Schreiben und Sprechen IV";"mod.mmp-SRSP04.FS27_BS.002";"20260225T081500Z";"20260225T113000Z";"25.02.2026 09:15:00";"25.02.2026 12:30:00";"Petra Hasler";"I 0.31/ I 0.11";"mmp24c2"
"24c2 Schreiben und Sprechen IV";"mod.mmp-SRSP04.FS27_BS.002";"20260225T123000Z";"20260225T154500Z";"25.02.2026 13:30:00";"25.02.2026 16:45:00";"Petra Hasler";"I 0.31/ I 0.11";"mmp24c2"
"24c2 Schreiben und Sprechen IV";"mod.mmp-SRSP04.FS27_BS.002";"20260226T081500Z";"20260226T113000Z";"26.02.2026 09:15:00";"26.02.2026 12:30:00";"Petra Hasler";"I 0.31/ I 0.11";"mmp24c2"
"24c2 Schreiben und Sprechen IV";"mod.mmp-SRSP04.FS27_BS.002";"20260226T123000Z";"20260226T154500Z";"26.02.2026 13:30:00";"26.02.2026 16:45:00";"Petra Hasler";"I 0.31/ I 0.11";"mmp24c2"
"24c2 Schreiben und Sprechen IV";"mod.mmp-SRSP04.FS27_BS.002";"20260323T081500Z";"20260323T113000Z";"23.03.2026 09:15:00";"23.03.2026 12:30:00";"Petra Hasler";"ganze Eduzone";"mmp24c2"
"24c2 Schreiben und Sprechen IV";"mod.mmp-SRSP04.FS27_BS.002";"20260323T123000Z";"20260323T154500Z";"23.03.2026 13:30:00";"23.03.2026 16:45:00";"Petra Hasler";"ganze Eduzone";"mmp24c2"
"24c2 Schreiben und Sprechen IV";"mod.mmp-SRSP04.FS27_BS.002";"20260324T081500Z";"20260324T113000Z";"24.03.2026 09:15:00";"24.03.2026 12:30:00";"Petra Hasler";"ganze Eduzone";"mmp24c2"
"24c2 Schreiben und Sprechen IV";"mod.mmp-SRSP04.FS27_BS.002";"20260324T123000Z";"20260324T154500Z";"24.03.2026 13:30:00";"24.03.2026 16:45:00";"Petra Hasler";"ganze Eduzone";"mmp24c2"
"24c2 Schreiben und Sprechen IV";"mod.mmp-SRSP04.FS27_BS.002";"20260325T081500Z";"20260325T113000Z";"25.03.2026 09:15:00";"25.03.2026 12:30:00";"Petra Hasler";"I 0.04/05";"mmp24c2"
"24c2 Schreiben und Sprechen IV";"mod.mmp-SRSP04.FS27_BS.002";"20260325T123000Z";"20260325T154500Z";"25.03.2026 13:30:00";"25.03.2026 16:45:00";"Petra Hasler";"I 0.04/05";"mmp24c2"
"24c2 Schreiben und Sprechen IV";"mod.mmp-SRSP04.FS27_BS.002";"20260326T081500Z";"20260326T113000Z";"26.03.2026 09:15:00";"26.03.2026 12:30:00";"Petra Hasler";"I 0.04/05";"mmp24c2"
"24c2 Schreiben und Sprechen IV";"mod.mmp-SRSP04.FS27_BS.002";"20260326T123000Z";"20260326T154500Z";"26.03.2026 13:30:00";"26.03.2026 16:45:00";"Petra Hasler";"I 0.04/05";"mmp24c2"
"24c2 Schreiben und Sprechen IV";"mod.mmp-SRSP04.FS27_BS.002";"20260422T071500Z";"20260422T103000Z";"22.04.2026 09:15:00";"22.04.2026 12:30:00";"Petra Hasler";"I 0.02/03";"mmp24c2"
"24c2 Schreiben und Sprechen IV";"mod.mmp-SRSP04.FS27_BS.002";"20260422T113000Z";"20260422T144500Z";"22.04.2026 13:30:00";"22.04.2026 16:45:00";"Petra Hasler";"I 0.02/03";"mmp24c2"
"24c2 Schreiben und Sprechen IV";"mod.mmp-SRSP04.FS27_BS.002";"20260423T071500Z";"20260423T103000Z";"23.04.2026 09:15:00";"23.04.2026 12:30:00";"Petra Hasler";"I 0.02/03";"mmp24c2"
"24c2 Schreiben und Sprechen IV";"mod.mmp-SRSP04.FS27_BS.002";"20260423T113000Z";"20260423T144500Z";"23.04.2026 13:30:00";"23.04.2026 16:45:00";"Petra Hasler";"I 0.02/03";"mmp24c2"
"24cv Schreiben und Sprechen IV";"mod.mmp-SRSP04.FS27_BS.004";"20260216T081500Z";"20260216T113000Z";"16.02.2026 09:15:00";"16.02.2026 12:30:00";"Petra Hasler";"Z0.03/Z-1.15";"mmp24cv"
"24cv Schreiben und Sprechen IV";"mod.mmp-SRSP04.FS27_BS.004";"20260216T123000Z";"20260216T154500Z";"16.02.2026 13:30:00";"16.02.2026 16:45:00";"Petra Hasler";"Z0.03/Z-1.15";"mmp24cv"
"24cv Schreiben und Sprechen IV";"mod.mmp-SRSP04.FS27_BS.004";"20260224T081500Z";"20260224T113000Z";"24.02.2026 09:15:00";"24.02.2026 12:30:00";"Petra Hasler";"Z0.03";"mmp24cv"
"24cv Schreiben und Sprechen IV";"mod.mmp-SRSP04.FS27_BS.004";"20260224T123000Z";"20260224T154500Z";"24.02.2026 13:30:00";"24.02.2026 16:45:00";"Petra Hasler";"Z0.03";"mmp24cv"
"24cv Schreiben und Sprechen IV";"mod.mmp-SRSP04.FS27_BS.004";"20260310T081500Z";"20260310T113000Z";"10.03.2026 09:15:00";"10.03.2026 12:30:00";"Petra Hasler";"Z0.03";"mmp24cv"
"24cv Schreiben und Sprechen IV";"mod.mmp-SRSP04.FS27_BS.004";"20260310T123000Z";"20260310T154500Z";"10.03.2026 13:30:00";"10.03.2026 16:45:00";"Petra Hasler";"Z0.03/ Z0.01";"mmp24cv"
"24cv Schreiben und Sprechen IV";"mod.mmp-SRSP04.FS27_BS.004";"20260316T081500Z";"20260316T113000Z";"16.03.2026 09:15:00";"16.03.2026 12:30:00";"Petra Hasler";"Z0.03/Z-1.16";"mmp24cv"
"24cv Schreiben und Sprechen IV";"mod.mmp-SRSP04.FS27_BS.004";"20260316T123000Z";"20260316T154500Z";"16.03.2026 13:30:00";"16.03.2026 16:45:00";"Petra Hasler";"Z0.03/Z-1.16";"mmp24cv"
"24cv Schreiben und Sprechen IV";"mod.mmp-SRSP04.FS27_BS.004";"20260414T071500Z";"20260414T103000Z";"14.04.2026 09:15:00";"14.04.2026 12:30:00";"Petra Hasler";"Z0.03";"mmp24cv"
"24cv Schreiben und Sprechen IV";"mod.mmp-SRSP04.FS27_BS.004";"20260414T113000Z";"20260414T144500Z";"14.04.2026 13:30:00";"14.04.2026 16:45:00";"Petra Hasler";"Z0.03";"mmp24cv"
"24cv Medien-BWL 2";"modk.mmp-MEBWL2.V02.FS27_BS.001";"20260217T081500Z";"20260217T113000Z";"17.02.2026 09:15:00";"17.02.2026 12:30:00";"Marius Hagger";"Z0.03";"mmp24cv"
"24cv Medien-BWL 2";"modk.mmp-MEBWL2.V02.FS27_BS.001";"20260217T123000Z";"20260217T154500Z";"17.02.2026 13:30:00";"17.02.2026 16:45:00";"Marius Hagger";"Z0.03";"mmp24cv"
"24cv Medien-BWL 2";"modk.mmp-MEBWL2.V02.FS27_BS.001";"20260317T081500Z";"20260317T113000Z";"17.03.2026 09:15:00";"17.03.2026 12:30:00";"Marius Hagger";"Z0.03";"mmp24cv"
"24cv Medien-BWL 2";"modk.mmp-MEBWL2.V02.FS27_BS.001";"20260331T071500Z";"20260331T103000Z";"31.03.2026 09:15:00";"31.03.2026 12:30:00";"Marius Hagger";"Z0.03";"mmp24cv"
"24cv Medien-BWL 2";"modk.mmp-MEBWL2.V02.FS27_BS.001";"20260331T113000Z";"20260331T144500Z";"31.03.2026 13:30:00";"31.03.2026 16:45:00";"Marius Hagger";"Z0.03";"mmp24cv"
"24cv Medien-BWL 2";"modk.mmp-MEBWL2.V02.FS27_BS.001";"20260504T071500Z";"20260504T103000Z";"04.05.2026 09:15:00";"04.05.2026 12:30:00";"Marius Hagger";"Z0.03";"mmp24cv"
"24cv Medien-BWL 2";"modk.mmp-MEBWL2.V02.FS27_BS.001";"20260505T071500Z";"20260505T103000Z";"05.05.2026 09:15:00";"05.05.2026 12:30:00";"Marius Hagger";"Z0.03";"mmp24cv"
"24cv Medien-BWL 2";"modk.mmp-MEBWL2.V02.FS27_BS.001";"20260526T113000Z";"20260526T144500Z";"26.05.2026 13:30:00";"26.05.2026 16:45:00";"Marius Hagger";"Z0.03";"mmp24cv"
"25c2 Medienrecht/Medien-BWL I – Medien-BWL 1";"modk.mmp-MEBWL1.FS27_BS.002";"20260223T081500Z";"20260223T113000Z";"23.02.2026 09:15:00";"23.02.2026 12:30:00";"Marius Hagger";"I-0.30";"mmp25c2"
"25c2 Medienrecht/Medien-BWL I – Medien-BWL 1";"modk.mmp-MEBWL1.FS27_BS.002";"20260303T081500Z";"20260303T113000Z";"03.03.2026 09:15:00";"03.03.2026 12:30:00";"Marius Hagger";"I-0.30";"mmp25c2"
"25c2 Medienrecht/Medien-BWL I – Medien-BWL 1";"modk.mmp-MEBWL1.FS27_BS.002";"20260318T081500Z";"20260318T113000Z";"18.03.2026 09:15:00";"18.03.2026 12:30:00";"Marius Hagger";"I 0.30";"mmp25c2"
"25c2 Medienrecht/Medien-BWL I – Medien-BWL 1";"modk.mmp-MEBWL1.FS27_BS.002";"20260324T081500Z";"20260324T113000Z";"24.03.2026 09:15:00";"24.03.2026 12:30:00";"Marius Hagger";"I 0.30";"mmp25c2"
"25c2 Medienrecht/Medien-BWL I – Medien-BWL 1";"modk.mmp-MEBWL1.FS27_BS.002";"20260413T071500Z";"20260413T103000Z";"13.04.2026 09:15:00";"13.04.2026 12:30:00";"Marius Hagger";"I 0.30";"mmp25c2"
"25c2 Medienrecht/Medien-BWL I – Medien-BWL 1";"modk.mmp-MEBWL1.FS27_BS.002";"20260423T071500Z";"20260423T103000Z";"23.04.2026 09:15:00";"23.04.2026 12:30:00";"Marius Hagger";"H1.15";"mmp25c2"
"25c2 Medienrecht/Medien-BWL I – Medien-BWL 1";"modk.mmp-MEBWL1.FS27_BS.002";"20260519T071500Z";"20260519T103000Z";"19.05.2026 09:15:00";"19.05.2026 12:30:00";"Marius Hagger";"I 0.31";"mmp25c2"
"25c2 Medienrecht/Medien-BWL I – Medien-BWL 1";"modk.mmp-MEBWL1.FS27_BS.002";"20260521T071500Z";"20260521T103000Z";"21.05.2026 09:15:00";"21.05.2026 12:30:00";"Marius Hagger";"I 0.31";"mmp25c2"
"25cv Schreiben und Sprechen II";"mod.mmp-SRSP02.V2.FS27_BS.004";"20260223T081500Z";"20260223T113000Z";"23.02.2026 09:15:00";"23.02.2026 12:30:00";"Petra Hasler";"Z2.02";"mmp25cv"
"25cv Schreiben und Sprechen II";"mod.mmp-SRSP02.V2.FS27_BS.004";"20260303T081500Z";"20260303T113000Z";"03.03.2026 09:15:00";"03.03.2026 12:30:00";"Petra Hasler";"Z2.02";"mmp25cv"
"25cv Schreiben und Sprechen II";"mod.mmp-SRSP02.V2.FS27_BS.004";"20260303T123000Z";"20260303T154500Z";"03.03.2026 13:30:00";"03.03.2026 16:45:00";"Petra Hasler";"extern";"mmp25cv"
"25cv Schreiben und Sprechen II";"mod.mmp-SRSP02.V2.FS27_BS.004";"20260309T081500Z";"20260309T113000Z";"09.03.2026 09:15:00";"09.03.2026 12:30:00";"Petra Hasler";"Z2.02";"mmp25cv"
"25cv Schreiben und Sprechen II";"mod.mmp-SRSP02.V2.FS27_BS.004";"20260309T123000Z";"20260309T154500Z";"09.03.2026 13:30:00";"09.03.2026 16:45:00";"Petra Hasler";"Z2.02";"mmp25cv"
"25cv Schreiben und Sprechen II";"mod.mmp-SRSP02.V2.FS27_BS.004";"20260310T081500Z";"20260310T113000Z";"10.03.2026 09:15:00";"10.03.2026 12:30:00";"Petra Hasler";"Z2.02";"mmp25cv"
"25cv Schreiben und Sprechen II";"mod.mmp-SRSP02.V2.FS27_BS.004";"20260310T123000Z";"20260310T154500Z";"10.03.2026 13:30:00";"10.03.2026 16:45:00";"Petra Hasler";"Z2.02/Z-1,15";"mmp25cv"
"25cv Schreiben und Sprechen II";"mod.mmp-SRSP02.V2.FS27_BS.004";"20260324T081500Z";"20260324T113000Z";"24.03.2026 09:15:00";"24.03.2026 12:30:00";"Petra Hasler";"Z2.02";"mmp25cv"
"25cv Schreiben und Sprechen II";"mod.mmp-SRSP02.V2.FS27_BS.004";"20260324T123000Z";"20260324T154500Z";"24.03.2026 13:30:00";"24.03.2026 16:45:00";"Petra Hasler";"Z2.02/Z3.01";"mmp25cv"
"25cv Schreiben und Sprechen II";"mod.mmp-SRSP02.V2.FS27_BS.004";"20260427T071500Z";"20260427T103000Z";"27.04.2026 09:15:00";"27.04.2026 12:30:00";"Petra Hasler";"online";"mmp25cv"
"25cv Schreiben und Sprechen II";"mod.mmp-SRSP02.V2.FS27_BS.004";"20260427T113000Z";"20260427T144500Z";"27.04.2026 13:30:00";"27.04.2026 16:45:00";"Petra Hasler";"online";"mmp25cv"
"25cv Schreiben und Sprechen II";"mod.mmp-SRSP02.V2.FS27_BS.004";"20260428T071500Z";"20260428T103000Z";"28.04.2026 09:15:00";"28.04.2026 12:30:00";"Petra Hasler";"Z2.02 / Z-1.15";"mmp25cv"
"25cv Schreiben und Sprechen II";"mod.mmp-SRSP02.V2.FS27_BS.004";"20260428T113000Z";"20260428T144500Z";"28.04.2026 13:30:00";"28.04.2026 16:45:00";"Petra Hasler";"Z2.02";"mmp25cv"
"24b Schreiben und Sprechen IV";"mod.mmp-SRSP04.FS27_BS.003";"20260223T081500Z";"20260223T113000Z";"23.02.2026 09:15:00";"23.02.2026 12:30:00";"Petra Hasler";"140/130";"mmp24b"
"24b Schreiben und Sprechen IV";"mod.mmp-SRSP04.FS27_BS.003";"20260223T123000Z";"20260223T154500Z";"23.02.2026 13:30:00";"23.02.2026 16:45:00";"Petra Hasler";"140/130";"mmp24b"
"24b Schreiben und Sprechen IV";"mod.mmp-SRSP04.FS27_BS.003";"20260225T081500Z";"20260225T113000Z";"25.02.2026 09:15:00";"25.02.2026 12:30:00";"Petra Hasler";"Atelier";"mmp24b"
"24b Schreiben und Sprechen IV";"mod.mmp-SRSP04.FS27_BS.003";"20260225T123000Z";"20260225T154500Z";"25.02.2026 13:30:00";"25.02.2026 16:45:00";"Petra Hasler";"Atelier";"mmp24b"
"24b Schreiben und Sprechen IV";"mod.mmp-SRSP04.FS27_BS.003";"20260226T081500Z";"20260226T113000Z";"26.02.2026 09:15:00";"26.02.2026 12:30:00";"Petra Hasler";"Atelier";"mmp24b"
"24b Schreiben und Sprechen IV";"mod.mmp-SRSP04.FS27_BS.003";"20260226T123000Z";"20260226T154500Z";"26.02.2026 13:30:00";"26.02.2026 16:45:00";"Petra Hasler";"Atelier";"mmp24b"
"24b Schreiben und Sprechen IV";"mod.mmp-SRSP04.FS27_BS.003";"20260323T081500Z";"20260323T113000Z";"23.03.2026 09:15:00";"23.03.2026 12:30:00";"Petra Hasler";"140";"mmp24b"
"24b Schreiben und Sprechen IV";"mod.mmp-SRSP04.FS27_BS.003";"20260323T123000Z";"20260323T154500Z";"23.03.2026 13:30:00";"23.03.2026 16:45:00";"Petra Hasler";"140";"mmp24b"
"24b Schreiben und Sprechen IV";"mod.mmp-SRSP04.FS27_BS.003";"20260324T081500Z";"20260324T113000Z";"24.03.2026 09:15:00";"24.03.2026 12:30:00";"Petra Hasler";"140";"mmp24b"
"24b Schreiben und Sprechen IV";"mod.mmp-SRSP04.FS27_BS.003";"20260324T123000Z";"20260324T154500Z";"24.03.2026 13:30:00";"24.03.2026 16:45:00";"Petra Hasler";"140";"mmp24b"
"24b Schreiben und Sprechen IV";"mod.mmp-SRSP04.FS27_BS.003";"20260325T081500Z";"20260325T113000Z";"25.03.2026 09:15:00";"25.03.2026 12:30:00";"Petra Hasler";"211/250";"mmp24b"
"24b Schreiben und Sprechen IV";"mod.mmp-SRSP04.FS27_BS.003";"20260325T123000Z";"20260325T154500Z";"25.03.2026 13:30:00";"25.03.2026 16:45:00";"Petra Hasler";"211/250";"mmp24b"
"25c1 Medienrecht/Medien-BWL I – Medien-BWL 1";"modk.mmp-MEBWL1.FS27_BS.001";"20260223T123000Z";"20260223T154500Z";"23.02.2026 13:30:00";"23.02.2026 16:45:00";"Marius Hagger";"I-0.30";"mmp25c1"
"25c1 Medienrecht/Medien-BWL I – Medien-BWL 1";"modk.mmp-MEBWL1.FS27_BS.001";"20260303T123000Z";"20260303T154500Z";"03.03.2026 13:30:00";"03.03.2026 16:45:00";"Marius Hagger";"I-0.30";"mmp25c1"
"25c1 Medienrecht/Medien-BWL I – Medien-BWL 1";"modk.mmp-MEBWL1.FS27_BS.001";"20260318T123000Z";"20260318T154500Z";"18.03.2026 13:30:00";"18.03.2026 16:45:00";"Marius Hagger";"I 0.30";"mmp25c1"
"25c1 Medienrecht/Medien-BWL I – Medien-BWL 1";"modk.mmp-MEBWL1.FS27_BS.001";"20260324T123000Z";"20260324T154500Z";"24.03.2026 13:30:00";"24.03.2026 16:45:00";"Marius Hagger";"I 0.30";"mmp25c1"
"25c1 Medienrecht/Medien-BWL I – Medien-BWL 1";"modk.mmp-MEBWL1.FS27_BS.001";"20260413T113000Z";"20260413T144500Z";"13.04.2026 13:30:00";"13.04.2026 16:45:00";"Marius Hagger";"I 0.30";"mmp25c1"
"25c1 Medienrecht/Medien-BWL I – Medien-BWL 1";"modk.mmp-MEBWL1.FS27_BS.001";"20260423T113000Z";"20260423T144500Z";"23.04.2026 13:30:00";"23.04.2026 16:45:00";"Marius Hagger";"H1.15";"mmp25c1"
"25c1 Medienrecht/Medien-BWL I – Medien-BWL 1";"modk.mmp-MEBWL1.FS27_BS.001";"20260519T113000Z";"20260519T144500Z";"19.05.2026 13:30:00";"19.05.2026 16:45:00";"Marius Hagger";"I 0.31";"mmp25c1"
"25c1 Medienrecht/Medien-BWL I – Medien-BWL 1";"modk.mmp-MEBWL1.FS27_BS.001";"20260521T113000Z";"20260521T144500Z";"21.05.2026 13:30:00";"21.05.2026 16:45:00";"Marius Hagger";"I 0.31";"mmp25c1"
"25cv Mediensystem Schweiz – Medienrecht Grundlagen";"modk.mmp-MERECG04.FS27_BS.001";"20260224T081500Z";"20260224T113000Z";"24.02.2026 09:15:00";"24.02.2026 12:30:00";"Daniel Köhler";"Z2.02";"mmp25cv"
"25cv Mediensystem Schweiz – Medienrecht Grundlagen";"modk.mmp-MERECG04.FS27_BS.001";"20260224T123000Z";"20260224T154500Z";"24.02.2026 13:30:00";"24.02.2026 16:45:00";"Daniel Köhler";"Z2.02";"mmp25cv"
"25cv Mediensystem Schweiz – Medienrecht Grundlagen";"modk.mmp-MERECG04.FS27_BS.001";"20260317T081500Z";"20260317T113000Z";"17.03.2026 09:15:00";"17.03.2026 12:30:00";"Daniel Köhler";"online";"mmp25cv"
"25cv Mediensystem Schweiz – Medienrecht Grundlagen";"modk.mmp-MERECG04.FS27_BS.001";"20260317T123000Z";"20260317T154500Z";"17.03.2026 13:30:00";"17.03.2026 16:45:00";"Daniel Köhler";"online";"mmp25cv"
"25b Medienrecht/Medien-BWL I – Medien-BWL 1";"modk.mmp-MEBWL1.FS27_BS.003";"20260224T123000Z";"20260224T154500Z";"24.02.2026 13:30:00";"24.02.2026 16:45:00";"Marius Hagger";"140";"mmp25b"
"25b Medienrecht/Medien-BWL I – Medien-BWL 1";"modk.mmp-MEBWL1.FS27_BS.003";"20260226T081500Z";"20260226T113000Z";"26.02.2026 09:15:00";"26.02.2026 12:30:00";"Marius Hagger";"010";"mmp25b"
"25b Medienrecht/Medien-BWL I – Medien-BWL 1";"modk.mmp-MEBWL1.FS27_BS.003";"20260316T123000Z";"20260316T154500Z";"16.03.2026 13:30:00";"16.03.2026 16:45:00";"Marius Hagger";"140";"mmp25b"
"25b Medienrecht/Medien-BWL I – Medien-BWL 1";"modk.mmp-MEBWL1.FS27_BS.003";"20260319T123000Z";"20260319T154500Z";"19.03.2026 13:30:00";"19.03.2026 16:45:00";"Marius Hagger";"010";"mmp25b"
"25b Medienrecht/Medien-BWL I – Medien-BWL 1";"modk.mmp-MEBWL1.FS27_BS.003";"20260325T081500Z";"20260325T113000Z";"25.03.2026 09:15:00";"25.03.2026 12:30:00";"Marius Hagger";"010";"mmp25b"
"25b Medienrecht/Medien-BWL I – Medien-BWL 1";"modk.mmp-MEBWL1.FS27_BS.003";"20260416T113000Z";"20260416T144500Z";"16.04.2026 13:30:00";"16.04.2026 16:45:00";"Marius Hagger";"010";"mmp25b"
"25b Medienrecht/Medien-BWL I – Medien-BWL 1";"modk.mmp-MEBWL1.FS27_BS.003";"20260430T071500Z";"20260430T103000Z";"30.04.2026 09:15:00";"30.04.2026 12:30:00";"Marius Hagger";"010";"mmp25b"
"25b Medienrecht/Medien-BWL I – Medien-BWL 1";"modk.mmp-MEBWL1.FS27_BS.003";"20260528T113000Z";"20260528T144500Z";"28.05.2026 13:30:00";"28.05.2026 16:45:00";"Marius Hagger";"010";"mmp25b"
"25c1 Medienrecht 1";"modk.mmp-MR1.FS27_BS.001";"20260225T081500Z";"20260225T113000Z";"25.02.2026 09:15:00";"25.02.2026 12:30:00";"Daniel Köhler";"I 0.04/05";"mmp25c1"
"25c1 Medienrecht 1";"modk.mmp-MR1.FS27_BS.001";"20260225T123000Z";"20260225T154500Z";"25.02.2026 13:30:00";"25.02.2026 16:45:00";"Daniel Köhler";"I 0.04/05";"mmp25c1"
"25c1 Medienrecht 1";"modk.mmp-MR1.FS27_BS.001";"20260226T081500Z";"20260226T113000Z";"26.02.2026 09:15:00";"26.02.2026 12:30:00";"Daniel Köhler";"I 0.04/05";"mmp25c1"
"25c1 Medienrecht 1";"modk.mmp-MR1.FS27_BS.001";"20260226T123000Z";"20260226T154500Z";"26.02.2026 13:30:00";"26.02.2026 16:45:00";"Daniel Köhler";"I 0.04/05";"mmp25c1"
"25c2 Medienrecht 1";"modk.mmp-MR1.FS27_BS.002";"20260225T081500Z";"20260225T113000Z";"25.02.2026 09:15:00";"25.02.2026 12:30:00";"Daniel Köhler";"I 0.04/05";"mmp25c2"
"25c2 Medienrecht 1";"modk.mmp-MR1.FS27_BS.002";"20260225T123000Z";"20260225T154500Z";"25.02.2026 13:30:00";"25.02.2026 16:45:00";"Daniel Köhler";"I 0.04/05";"mmp25c2"
"25c2 Medienrecht 1";"modk.mmp-MR1.FS27_BS.002";"20260226T081500Z";"20260226T113000Z";"26.02.2026 09:15:00";"26.02.2026 12:30:00";"Daniel Köhler";"I 0.04/05";"mmp25c2"
"25c2 Medienrecht 1";"modk.mmp-MR1.FS27_BS.002";"20260226T123000Z";"20260226T154500Z";"26.02.2026 13:30:00";"26.02.2026 16:45:00";"Daniel Köhler";"I 0.04/05";"mmp25c2"
"25c1 Schreiben und Sprechen II";"mod.mmp-SRSP02.V2.FS27_BS.001";"20260302T081500Z";"20260302T113000Z";"02.03.2026 09:15:00";"02.03.2026 12:30:00";"Petra Hasler";"I-0.31";"mmp25c1"
"25c1 Schreiben und Sprechen II";"mod.mmp-SRSP02.V2.FS27_BS.001";"20260309T081500Z";"20260309T113000Z";"09.03.2026 09:15:00";"09.03.2026 12:30:00";"Petra Hasler";"I 0.30";"mmp25c1"
"25c1 Schreiben und Sprechen II";"mod.mmp-SRSP02.V2.FS27_BS.001";"20260309T123000Z";"20260309T154500Z";"09.03.2026 13:30:00";"09.03.2026 16:45:00";"Petra Hasler";"I 0.30/I 0.04/0.05";"mmp25c1"
"25c1 Schreiben und Sprechen II";"mod.mmp-SRSP02.V2.FS27_BS.001";"20260310T081500Z";"20260310T113000Z";"10.03.2026 09:15:00";"10.03.2026 12:30:00";"Petra Hasler";"I 0.30";"mmp25c1"
"25c1 Schreiben und Sprechen II";"mod.mmp-SRSP02.V2.FS27_BS.001";"20260310T123000Z";"20260310T154500Z";"10.03.2026 13:30:00";"10.03.2026 16:45:00";"Petra Hasler";"extern";"mmp25c1"
"25c1 Schreiben und Sprechen II";"mod.mmp-SRSP02.V2.FS27_BS.001";"20260311T081500Z";"20260311T113000Z";"11.03.2026 09:15:00";"11.03.2026 12:30:00";"Petra Hasler";"I 0.31";"mmp25c1"
"25c1 Schreiben und Sprechen II";"mod.mmp-SRSP02.V2.FS27_BS.001";"20260311T123000Z";"20260311T154500Z";"11.03.2026 13:30:00";"11.03.2026 16:45:00";"Petra Hasler";"I 0.31";"mmp25c1"
"25c1 Schreiben und Sprechen II";"mod.mmp-SRSP02.V2.FS27_BS.001";"20260312T081500Z";"20260312T113000Z";"12.03.2026 09:15:00";"12.03.2026 12:30:00";"Petra Hasler";"I 0.31/ I 0.11/ I 0.12";"mmp25c1"
"25c1 Schreiben und Sprechen II";"mod.mmp-SRSP02.V2.FS27_BS.001";"20260312T123000Z";"20260312T154500Z";"12.03.2026 13:30:00";"12.03.2026 16:45:00";"Petra Hasler";"I 0.31/ I 0.11/ I 0.12";"mmp25c1"
"25c1 Schreiben und Sprechen II";"mod.mmp-SRSP02.V2.FS27_BS.001";"20260317T081500Z";"20260317T113000Z";"17.03.2026 09:15:00";"17.03.2026 12:30:00";"Petra Hasler";"tba";"mmp25c1"
"25c1 Schreiben und Sprechen II";"mod.mmp-SRSP02.V2.FS27_BS.001";"20260319T123000Z";"20260319T154500Z";"19.03.2026 13:30:00";"19.03.2026 16:45:00";"Petra Hasler";"I 0.30";"mmp25c1"
"25c1 Schreiben und Sprechen II";"mod.mmp-SRSP02.V2.FS27_BS.001";"20260323T081500Z";"20260323T113000Z";"23.03.2026 09:15:00";"23.03.2026 12:30:00";"Petra Hasler";"I-0.31";"mmp25c1"
"25c1 Schreiben und Sprechen II";"mod.mmp-SRSP02.V2.FS27_BS.001";"20260323T123000Z";"20260323T154500Z";"23.03.2026 13:30:00";"23.03.2026 16:45:00";"Petra Hasler";"I-0.31";"mmp25c1"
"25c1 Schreiben und Sprechen II";"mod.mmp-SRSP02.V2.FS27_BS.001";"20260325T081500Z";"20260325T113000Z";"25.03.2026 09:15:00";"25.03.2026 12:30:00";"Petra Hasler";"online";"mmp25c1"
"25c1 Schreiben und Sprechen II";"mod.mmp-SRSP02.V2.FS27_BS.001";"20260325T123000Z";"20260325T154500Z";"25.03.2026 13:30:00";"25.03.2026 16:45:00";"Petra Hasler";"online";"mmp25c1"
"25c1 Schreiben und Sprechen II";"mod.mmp-SRSP02.V2.FS27_BS.001";"20260427T071500Z";"20260427T103000Z";"27.04.2026 09:15:00";"27.04.2026 12:30:00";"Petra Hasler";"online";"mmp25c1"
"25c1 Schreiben und Sprechen II";"mod.mmp-SRSP02.V2.FS27_BS.001";"20260427T113000Z";"20260427T144500Z";"27.04.2026 13:30:00";"27.04.2026 16:45:00";"Petra Hasler";"online";"mmp25c1"
"25c1 Schreiben und Sprechen II";"mod.mmp-SRSP02.V2.FS27_BS.001";"20260428T071500Z";"20260428T103000Z";"28.04.2026 09:15:00";"28.04.2026 12:30:00";"Petra Hasler";"online";"mmp25c1"
"25c1 Schreiben und Sprechen II";"mod.mmp-SRSP02.V2.FS27_BS.001";"20260428T113000Z";"20260428T144500Z";"28.04.2026 13:30:00";"28.04.2026 16:45:00";"Petra Hasler";"online";"mmp25c1"
"25c1 Schreiben und Sprechen II";"mod.mmp-SRSP02.V2.FS27_BS.001";"20260429T071500Z";"20260429T103000Z";"29.04.2026 09:15:00";"29.04.2026 12:30:00";"Petra Hasler";"I 0.31/ I 0.11/ ";"mmp25c1"
"25c1 Schreiben und Sprechen II";"mod.mmp-SRSP02.V2.FS27_BS.001";"20260429T113000Z";"20260429T144500Z";"29.04.2026 13:30:00";"29.04.2026 16:45:00";"Petra Hasler";"I 0.31/ I 0.11/ I0.12";"mmp25c1"
"24cv Medienrecht 2";"modk.mmp-MR2.V02.FS27_BS.001";"20260302T081500Z";"20260302T113000Z";"02.03.2026 09:15:00";"02.03.2026 12:30:00";"Daniel Köhler";"Z0.03";"mmp24cv"
"24cv Medienrecht 2";"modk.mmp-MR2.V02.FS27_BS.001";"20260302T123000Z";"20260302T154500Z";"02.03.2026 13:30:00";"02.03.2026 16:45:00";"Daniel Köhler";"Z0.03";"mmp24cv"
"24cv Medienrecht 2";"modk.mmp-MR2.V02.FS27_BS.001";"20260303T081500Z";"20260303T113000Z";"03.03.2026 09:15:00";"03.03.2026 12:30:00";"Daniel Köhler";"Z0.03";"mmp24cv"
"24cv Medienrecht 2";"modk.mmp-MR2.V02.FS27_BS.001";"20260303T123000Z";"20260303T154500Z";"03.03.2026 13:30:00";"03.03.2026 16:45:00";"Daniel Köhler";"Z0.03";"mmp24cv"
"24cv Medienrecht 2";"modk.mmp-MR2.V02.FS27_BS.001";"20260309T081500Z";"20260309T113000Z";"09.03.2026 09:15:00";"09.03.2026 12:30:00";"Daniel Köhler";"Z0.03";"mmp24cv"
"24cv Medienrecht 2";"modk.mmp-MR2.V02.FS27_BS.001";"20260309T123000Z";"20260309T154500Z";"09.03.2026 13:30:00";"09.03.2026 16:45:00";"Daniel Köhler";"Z0.03";"mmp24cv"
"24cv Medienrecht 2";"modk.mmp-MR2.V02.FS27_BS.001";"20260504T113000Z";"20260504T144500Z";"04.05.2026 13:30:00";"04.05.2026 16:45:00";"Daniel Köhler";"online";"mmp24cv"
"25c2 Schreiben und Sprechen II";"mod.mmp-SRSP02.V2.FS27_BS.002";"20260302T123000Z";"20260302T154500Z";"02.03.2026 13:30:00";"02.03.2026 16:45:00";"Petra Hasler";"I-0.31";"mmp25c2"
"25c2 Schreiben und Sprechen II";"mod.mmp-SRSP02.V2.FS27_BS.002";"20260309T081500Z";"20260309T113000Z";"09.03.2026 09:15:00";"09.03.2026 12:30:00";"Petra Hasler";"I 0.31";"mmp25c2"
"25c2 Schreiben und Sprechen II";"mod.mmp-SRSP02.V2.FS27_BS.002";"20260309T123000Z";"20260309T154500Z";"09.03.2026 13:30:00";"09.03.2026 16:45:00";"Petra Hasler";"I 0.31/I 0.04/0.05";"mmp25c2"
"25c2 Schreiben und Sprechen II";"mod.mmp-SRSP02.V2.FS27_BS.002";"20260310T081500Z";"20260310T113000Z";"10.03.2026 09:15:00";"10.03.2026 12:30:00";"Petra Hasler";"extern";"mmp25c2"
"25c2 Schreiben und Sprechen II";"mod.mmp-SRSP02.V2.FS27_BS.002";"20260310T123000Z";"20260310T154500Z";"10.03.2026 13:30:00";"10.03.2026 16:45:00";"Petra Hasler";"I 0.31";"mmp25c2"
"25c2 Schreiben und Sprechen II";"mod.mmp-SRSP02.V2.FS27_BS.002";"20260311T081500Z";"20260311T113000Z";"11.03.2026 09:15:00";"11.03.2026 12:30:00";"Petra Hasler";"I 0.30 / I.011 / I 0.12";"mmp25c2"
"25c2 Schreiben und Sprechen II";"mod.mmp-SRSP02.V2.FS27_BS.002";"20260311T123000Z";"20260311T154500Z";"11.03.2026 13:30:00";"11.03.2026 16:45:00";"Petra Hasler";"I 0.30 / I.011 / I 0.12";"mmp25c2"
"25c2 Schreiben und Sprechen II";"mod.mmp-SRSP02.V2.FS27_BS.002";"20260312T081500Z";"20260312T113000Z";"12.03.2026 09:15:00";"12.03.2026 12:30:00";"Petra Hasler";"I 0.30";"mmp25c2"
"25c2 Schreiben und Sprechen II";"mod.mmp-SRSP02.V2.FS27_BS.002";"20260312T123000Z";"20260312T154500Z";"12.03.2026 13:30:00";"12.03.2026 16:45:00";"Petra Hasler";"I 0.30";"mmp25c2"
"25c2 Schreiben und Sprechen II";"mod.mmp-SRSP02.V2.FS27_BS.002";"20260317T123000Z";"20260317T154500Z";"17.03.2026 13:30:00";"17.03.2026 16:45:00";"Petra Hasler";"tba";"mmp25c2"
"25c2 Schreiben und Sprechen II";"mod.mmp-SRSP02.V2.FS27_BS.002";"20260319T081500Z";"20260319T113000Z";"19.03.2026 09:15:00";"19.03.2026 12:30:00";"Petra Hasler";"I 0.30";"mmp25c2"
"25c2 Schreiben und Sprechen II";"mod.mmp-SRSP02.V2.FS27_BS.002";"20260323T081500Z";"20260323T113000Z";"23.03.2026 09:15:00";"23.03.2026 12:30:00";"Petra Hasler";"online";"mmp25c2"
"25c2 Schreiben und Sprechen II";"mod.mmp-SRSP02.V2.FS27_BS.002";"20260323T123000Z";"20260323T154500Z";"23.03.2026 13:30:00";"23.03.2026 16:45:00";"Petra Hasler";"online";"mmp25c2"
"25c2 Schreiben und Sprechen II";"mod.mmp-SRSP02.V2.FS27_BS.002";"20260325T081500Z";"20260325T113000Z";"25.03.2026 09:15:00";"25.03.2026 12:30:00";"Petra Hasler";"I-0.31";"mmp25c2"
"25c2 Schreiben und Sprechen II";"mod.mmp-SRSP02.V2.FS27_BS.002";"20260325T123000Z";"20260325T154500Z";"25.03.2026 13:30:00";"25.03.2026 16:45:00";"Petra Hasler";"I-0.31";"mmp25c2"
"25c2 Schreiben und Sprechen II";"mod.mmp-SRSP02.V2.FS27_BS.002";"20260427T071500Z";"20260427T103000Z";"27.04.2026 09:15:00";"27.04.2026 12:30:00";"Petra Hasler";"online";"mmp25c2"
"25c2 Schreiben und Sprechen II";"mod.mmp-SRSP02.V2.FS27_BS.002";"20260427T113000Z";"20260427T144500Z";"27.04.2026 13:30:00";"27.04.2026 16:45:00";"Petra Hasler";"online";"mmp25c2"
"25c2 Schreiben und Sprechen II";"mod.mmp-SRSP02.V2.FS27_BS.002";"20260428T071500Z";"20260428T103000Z";"28.04.2026 09:15:00";"28.04.2026 12:30:00";"Petra Hasler";"online";"mmp25c2"
"25c2 Schreiben und Sprechen II";"mod.mmp-SRSP02.V2.FS27_BS.002";"20260428T113000Z";"20260428T144500Z";"28.04.2026 13:30:00";"28.04.2026 16:45:00";"Petra Hasler";"online";"mmp25c2"
"25c2 Schreiben und Sprechen II";"mod.mmp-SRSP02.V2.FS27_BS.002";"20260430T071500Z";"20260430T103000Z";"30.04.2026 09:15:00";"30.04.2026 12:30:00";"Petra Hasler";"I-0.31/ I 0.11/ I0.12";"mmp25c2"
"25c2 Schreiben und Sprechen II";"mod.mmp-SRSP02.V2.FS27_BS.002";"20260430T113000Z";"20260430T144500Z";"30.04.2026 13:30:00";"30.04.2026 16:45:00";"Petra Hasler";"I-0.31/ I 0.11/ I0.12";"mmp25c2"
"25b Medienrecht 1";"modk.mmp-MR1.FS27_BS.003";"20260304T081500Z";"20260304T113000Z";"04.03.2026 09:15:00";"04.03.2026 12:30:00";"Daniel Köhler";"010";"mmp25b"
"25b Medienrecht 1";"modk.mmp-MR1.FS27_BS.003";"20260304T123000Z";"20260304T154500Z";"04.03.2026 13:30:00";"04.03.2026 16:45:00";"Daniel Köhler";"010";"mmp25b"
"25b Medienrecht 1";"modk.mmp-MR1.FS27_BS.003";"20260305T081500Z";"20260305T113000Z";"05.03.2026 09:15:00";"05.03.2026 12:30:00";"Daniel Köhler";"010";"mmp25b"
"25b Medienrecht 1";"modk.mmp-MR1.FS27_BS.003";"20260305T123000Z";"20260305T154500Z";"05.03.2026 13:30:00";"05.03.2026 16:45:00";"Daniel Köhler";"010";"mmp25b"
"25b Schreiben und Sprechen II";"mod.mmp-SRSP02.V2.FS27_BS.003";"20260309T081500Z";"20260309T113000Z";"09.03.2026 09:15:00";"09.03.2026 12:30:00";"Petra Hasler";"140";"mmp25b"
"25b Schreiben und Sprechen II";"mod.mmp-SRSP02.V2.FS27_BS.003";"20260309T123000Z";"20260309T154500Z";"09.03.2026 13:30:00";"09.03.2026 16:45:00";"Petra Hasler";"140";"mmp25b"
"25b Schreiben und Sprechen II";"mod.mmp-SRSP02.V2.FS27_BS.003";"20260310T081500Z";"20260310T113000Z";"10.03.2026 09:15:00";"10.03.2026 12:30:00";"Petra Hasler";"140";"mmp25b"
"25b Schreiben und Sprechen II";"mod.mmp-SRSP02.V2.FS27_BS.003";"20260310T123000Z";"20260310T154500Z";"10.03.2026 13:30:00";"10.03.2026 16:45:00";"Petra Hasler";"140";"mmp25b"
"25b Schreiben und Sprechen II";"mod.mmp-SRSP02.V2.FS27_BS.003";"20260311T081500Z";"20260311T113000Z";"11.03.2026 09:15:00";"11.03.2026 12:30:00";"Petra Hasler";"010";"mmp25b"
"25b Schreiben und Sprechen II";"mod.mmp-SRSP02.V2.FS27_BS.003";"20260311T123000Z";"20260311T154500Z";"11.03.2026 13:30:00";"11.03.2026 16:45:00";"Petra Hasler";"extern";"mmp25b"
"25b Schreiben und Sprechen II";"mod.mmp-SRSP02.V2.FS27_BS.003";"20260312T081500Z";"20260312T113000Z";"12.03.2026 09:15:00";"12.03.2026 12:30:00";"Petra Hasler";"010 /250 / 150";"mmp25b"
"25b Schreiben und Sprechen II";"mod.mmp-SRSP02.V2.FS27_BS.003";"20260312T123000Z";"20260312T154500Z";"12.03.2026 13:30:00";"12.03.2026 16:45:00";"Petra Hasler";"010 /250 / 150";"mmp25b"
"25b Schreiben und Sprechen II";"mod.mmp-SRSP02.V2.FS27_BS.003";"20260317T081500Z";"20260317T113000Z";"17.03.2026 09:15:00";"17.03.2026 12:30:00";"Petra Hasler";"140";"mmp25b"
"25b Schreiben und Sprechen II";"mod.mmp-SRSP02.V2.FS27_BS.003";"20260317T123000Z";"20260317T154500Z";"17.03.2026 13:30:00";"17.03.2026 16:45:00";"Petra Hasler";"140";"mmp25b"
"25b Schreiben und Sprechen II";"mod.mmp-SRSP02.V2.FS27_BS.003";"20260323T081500Z";"20260323T113000Z";"23.03.2026 09:15:00";"23.03.2026 12:30:00";"Petra Hasler";"online";"mmp25b"
"25b Schreiben und Sprechen II";"mod.mmp-SRSP02.V2.FS27_BS.003";"20260323T123000Z";"20260323T154500Z";"23.03.2026 13:30:00";"23.03.2026 16:45:00";"Petra Hasler";"online";"mmp25b"
"25b Schreiben und Sprechen II";"mod.mmp-SRSP02.V2.FS27_BS.003";"20260326T081500Z";"20260326T113000Z";"26.03.2026 09:15:00";"26.03.2026 12:30:00";"Petra Hasler";"140";"mmp25b"
"25b Schreiben und Sprechen II";"mod.mmp-SRSP02.V2.FS27_BS.003";"20260326T123000Z";"20260326T154500Z";"26.03.2026 13:30:00";"26.03.2026 16:45:00";"Petra Hasler";"140";"mmp25b"
"25b Schreiben und Sprechen II";"mod.mmp-SRSP02.V2.FS27_BS.003";"20260427T071500Z";"20260427T103000Z";"27.04.2026 09:15:00";"27.04.2026 12:30:00";"Petra Hasler";"online";"mmp25b"
"25b Schreiben und Sprechen II";"mod.mmp-SRSP02.V2.FS27_BS.003";"20260427T113000Z";"20260427T144500Z";"27.04.2026 13:30:00";"27.04.2026 16:45:00";"Petra Hasler";"online";"mmp25b"
"25b Schreiben und Sprechen II";"mod.mmp-SRSP02.V2.FS27_BS.003";"20260428T071500Z";"20260428T103000Z";"28.04.2026 09:15:00";"28.04.2026 12:30:00";"Petra Hasler";"online";"mmp25b"
"25b Schreiben und Sprechen II";"mod.mmp-SRSP02.V2.FS27_BS.003";"20260428T113000Z";"20260428T144500Z";"28.04.2026 13:30:00";"28.04.2026 16:45:00";"Petra Hasler";"online";"mmp25b"
"25b Schreiben und Sprechen II";"mod.mmp-SRSP02.V2.FS27_BS.003";"20260429T071500Z";"20260429T103000Z";"29.04.2026 09:15:00";"29.04.2026 12:30:00";"Petra Hasler";"010/130";"mmp25b"
"25b Schreiben und Sprechen II";"mod.mmp-SRSP02.V2.FS27_BS.003";"20260429T113000Z";"20260429T144500Z";"29.04.2026 13:30:00";"29.04.2026 16:45:00";"Petra Hasler";"010/130";"mmp25b"
"25cv Mediensystem Schweiz – Medien-BWL Grundlagen";"modk.mmp-MBWLG04.V01.FS27_BS.001";"20260323T081500Z";"20260323T113000Z";"23.03.2026 09:15:00";"23.03.2026 12:30:00";"Marius Hagger";"Z2.02";"mmp25cv"
"25cv Mediensystem Schweiz – Medien-BWL Grundlagen";"modk.mmp-MBWLG04.V01.FS27_BS.001";"20260414T071500Z";"20260414T103000Z";"14.04.2026 09:15:00";"14.04.2026 12:30:00";"Marius Hagger";"Z2.02";"mmp25cv"
"25cv Mediensystem Schweiz – Medien-BWL Grundlagen";"modk.mmp-MBWLG04.V01.FS27_BS.001";"20260511T113000Z";"20260511T144500Z";"11.05.2026 13:30:00";"11.05.2026 16:45:00";"Marius Hagger";"Z2.02";"mmp25cv"
"25cv Mediensystem Schweiz – Medien-BWL Grundlagen";"modk.mmp-MBWLG04.V01.FS27_BS.001";"20260512T071500Z";"20260512T103000Z";"12.05.2026 09:15:00";"12.05.2026 12:30:00";"Marius Hagger";"Z2.02";"mmp25cv"
"25cv Mediensystem Schweiz – Medien-BWL Grundlagen";"modk.mmp-MBWLG04.V01.FS27_BS.001";"20260518T071500Z";"20260518T103000Z";"18.05.2026 09:15:00";"18.05.2026 12:30:00";"Marius Hagger";"Z2.02";"mmp25cv"
"25cv Mediensystem Schweiz – Medien-BWL Grundlagen";"modk.mmp-MBWLG04.V01.FS27_BS.001";"20260520T150000Z";"20260520T163000Z";"20.05.2026 17:00:00";"20.05.2026 18:30:00";"Marius Hagger";"Z2.02";"mmp25cv"
"25cv Mediensystem Schweiz – Medien-BWL Grundlagen";"modk.mmp-MBWLG04.V01.FS27_BS.001";"20260527T113000Z";"20260527T144500Z";"27.05.2026 13:30:00";"27.05.2026 16:45:00";"Marius Hagger";"Z2.02";"mmp25cv"
"24cv Interaktive Medien IV";"mod.mmp-INTEM04.FS27_BS.004";"20260323T081500Z";"20260323T113000Z";"23.03.2026 09:15:00";"23.03.2026 12:30:00";"Wolfgang Bock";"Z0.03";"mmp24cv"
"24cv Interaktive Medien IV";"mod.mmp-INTEM04.FS27_BS.004";"20260323T123000Z";"20260323T154500Z";"23.03.2026 13:30:00";"23.03.2026 16:45:00";"Wolfgang Bock";"Z0.03";"mmp24cv"
"24cv Interaktive Medien IV";"mod.mmp-INTEM04.FS27_BS.004";"20260330T071500Z";"20260330T103000Z";"30.03.2026 09:15:00";"30.03.2026 12:30:00";"Wolfgang Bock";"Z0.03";"mmp24cv"
"24cv Interaktive Medien IV";"mod.mmp-INTEM04.FS27_BS.004";"20260330T113000Z";"20260330T144500Z";"30.03.2026 13:30:00";"30.03.2026 16:45:00";"Wolfgang Bock";"Z0.03";"mmp24cv"
"24cv Interaktive Medien IV";"mod.mmp-INTEM04.FS27_BS.004";"20260413T071500Z";"20260413T103000Z";"13.04.2026 09:15:00";"13.04.2026 12:30:00";"Wolfgang Bock";"Z0.03";"mmp24cv"
"24cv Interaktive Medien IV";"mod.mmp-INTEM04.FS27_BS.004";"20260413T113000Z";"20260413T144500Z";"13.04.2026 13:30:00";"13.04.2026 16:45:00";"Wolfgang Bock";"Z0.03";"mmp24cv"
"24cv Interaktive Medien IV";"mod.mmp-INTEM04.FS27_BS.004";"20260518T071500Z";"20260518T103000Z";"18.05.2026 09:15:00";"18.05.2026 12:30:00";"Wolfgang Bock";"Z0.03";"mmp24cv"
"24cv Interaktive Medien IV";"mod.mmp-INTEM04.FS27_BS.004";"20260518T113000Z";"20260518T144500Z";"18.05.2026 13:30:00";"18.05.2026 16:45:00";"Wolfgang Bock";"Z0.03";"mmp24cv"
"24cv Interaktive Medien IV";"mod.mmp-INTEM04.FS27_BS.004";"20260519T071500Z";"20260519T103000Z";"19.05.2026 09:15:00";"19.05.2026 12:30:00";"Wolfgang Bock";"Z0.03";"mmp24cv"
"24cv Interaktive Medien IV";"mod.mmp-INTEM04.FS27_BS.004";"20260519T113000Z";"20260519T144500Z";"19.05.2026 13:30:00";"19.05.2026 16:45:00";"Wolfgang Bock";"Z0.03";"mmp24cv"
"25c1 Interaktive Medien II";"mod.mmp-IM2.FS27_BS.001 ";"20260414T071500Z";"20260414T103000Z";"14.04.2026 09:15:00";"14.04.2026 12:30:00";"Wolfgang Bock";"I 0.04/05";"mmp25c1"
"25c1 Interaktive Medien II";"mod.mmp-IM2.FS27_BS.001 ";"20260414T113000Z";"20260414T144500Z";"14.04.2026 13:30:00";"14.04.2026 16:45:00";"Wolfgang Bock";"I 0.04/05";"mmp25c1"
"25c1 Interaktive Medien II";"mod.mmp-IM2.FS27_BS.001 ";"20260420T071500Z";"20260420T103000Z";"20.04.2026 09:15:00";"20.04.2026 12:30:00";"Wolfgang Bock";"I 0.04/05";"mmp25c1"
"25c1 Interaktive Medien II";"mod.mmp-IM2.FS27_BS.001 ";"20260420T113000Z";"20260420T144500Z";"20.04.2026 13:30:00";"20.04.2026 16:45:00";"Wolfgang Bock";"I 0.04/05";"mmp25c1"
"25c1 Interaktive Medien II";"mod.mmp-IM2.FS27_BS.001 ";"20260421T071500Z";"20260421T103000Z";"21.04.2026 09:15:00";"21.04.2026 12:30:00";"Wolfgang Bock";"I 0.04/05";"mmp25c1"
"25c1 Interaktive Medien II";"mod.mmp-IM2.FS27_BS.001 ";"20260421T113000Z";"20260421T144500Z";"21.04.2026 13:30:00";"21.04.2026 16:45:00";"Wolfgang Bock";"I 0.04/05";"mmp25c1"
"25c1 Interaktive Medien II";"mod.mmp-IM2.FS27_BS.001 ";"20260422T071500Z";"20260422T103000Z";"22.04.2026 09:15:00";"22.04.2026 12:30:00";"Wolfgang Bock";"I 0.04/05";"mmp25c1"
"25c1 Interaktive Medien II";"mod.mmp-IM2.FS27_BS.001 ";"20260422T113000Z";"20260422T144500Z";"22.04.2026 13:30:00";"22.04.2026 16:45:00";"Wolfgang Bock";"I 0.04/05";"mmp25c1"
"25c1 Interaktive Medien II";"mod.mmp-IM2.FS27_BS.001 ";"20260504T071500Z";"20260504T103000Z";"04.05.2026 09:15:00";"04.05.2026 12:30:00";"Wolfgang Bock";"I 0.04/05";"mmp25c1"
"25c1 Interaktive Medien II";"mod.mmp-IM2.FS27_BS.001 ";"20260504T113000Z";"20260504T144500Z";"04.05.2026 13:30:00";"04.05.2026 16:45:00";"Wolfgang Bock";"I 0.04/05";"mmp25c1"
"25c1 Interaktive Medien II";"mod.mmp-IM2.FS27_BS.001 ";"20260505T071500Z";"20260505T103000Z";"05.05.2026 09:15:00";"05.05.2026 12:30:00";"Wolfgang Bock";"I 0.04/05";"mmp25c1"
"25c1 Interaktive Medien II";"mod.mmp-IM2.FS27_BS.001 ";"20260505T113000Z";"20260505T144500Z";"05.05.2026 13:30:00";"05.05.2026 16:45:00";"Wolfgang Bock";"I 0.04/05";"mmp25c1"
"25c1 Interaktive Medien II";"mod.mmp-IM2.FS27_BS.001 ";"20260506T071500Z";"20260506T103000Z";"06.05.2026 09:15:00";"06.05.2026 12:30:00";"Wolfgang Bock";"I 0.04/05";"mmp25c1"
"25c1 Interaktive Medien II";"mod.mmp-IM2.FS27_BS.001 ";"20260506T113000Z";"20260506T144500Z";"06.05.2026 13:30:00";"06.05.2026 16:45:00";"Wolfgang Bock";"I 0.04/05";"mmp25c1"
"25c1 Interaktive Medien II";"mod.mmp-IM2.FS27_BS.001 ";"20260507T071500Z";"20260507T103000Z";"07.05.2026 09:15:00";"07.05.2026 12:30:00";"Wolfgang Bock";"I 0.04/05";"mmp25c1"
"25c1 Interaktive Medien II";"mod.mmp-IM2.FS27_BS.001 ";"20260507T113000Z";"20260507T144500Z";"07.05.2026 13:30:00";"07.05.2026 16:45:00";"Wolfgang Bock";"I 0.04/05";"mmp25c1"
"25c1 Interaktive Medien II";"mod.mmp-IM2.FS27_BS.001 ";"20260520T071500Z";"20260520T103000Z";"20.05.2026 09:15:00";"20.05.2026 12:30:00";"Wolfgang Bock";"A2.09";"mmp25c1"
"25c1 Interaktive Medien II";"mod.mmp-IM2.FS27_BS.001 ";"20260520T113000Z";"20260520T144500Z";"20.05.2026 13:30:00";"20.05.2026 16:45:00";"Wolfgang Bock";"A2.09";"mmp25c1"
"25c1 Interaktive Medien II";"mod.mmp-IM2.FS27_BS.001 ";"20260526T071500Z";"20260526T103000Z";"26.05.2026 09:15:00";"26.05.2026 12:30:00";"Wolfgang Bock";"I 0.04/05";"mmp25c1"
"25c1 Interaktive Medien II";"mod.mmp-IM2.FS27_BS.001 ";"20260526T113000Z";"20260526T144500Z";"26.05.2026 13:30:00";"26.05.2026 16:45:00";"Wolfgang Bock";"I 0.04/05";"mmp25c1"
"25c2 Interaktive Medien II";"mod.mmp-IM2.FS27_BS.002";"20260414T071500Z";"20260414T103000Z";"14.04.2026 09:15:00";"14.04.2026 12:30:00";"Wolfgang Bock";"I 0.04/05";"mmp25c2"
"25c2 Interaktive Medien II";"mod.mmp-IM2.FS27_BS.002";"20260414T113000Z";"20260414T144500Z";"14.04.2026 13:30:00";"14.04.2026 16:45:00";"Wolfgang Bock";"I 0.04/05";"mmp25c2"
"25c2 Interaktive Medien II";"mod.mmp-IM2.FS27_BS.002";"20260420T071500Z";"20260420T103000Z";"20.04.2026 09:15:00";"20.04.2026 12:30:00";"Wolfgang Bock";"I 0.04/05";"mmp25c2"
"25c2 Interaktive Medien II";"mod.mmp-IM2.FS27_BS.002";"20260420T113000Z";"20260420T144500Z";"20.04.2026 13:30:00";"20.04.2026 16:45:00";"Wolfgang Bock";"I 0.04/05";"mmp25c2"
"25c2 Interaktive Medien II";"mod.mmp-IM2.FS27_BS.002";"20260421T071500Z";"20260421T103000Z";"21.04.2026 09:15:00";"21.04.2026 12:30:00";"Wolfgang Bock";"I 0.04/05";"mmp25c2"
"25c2 Interaktive Medien II";"mod.mmp-IM2.FS27_BS.002";"20260421T113000Z";"20260421T144500Z";"21.04.2026 13:30:00";"21.04.2026 16:45:00";"Wolfgang Bock";"I 0.04/05";"mmp25c2"
"25c2 Interaktive Medien II";"mod.mmp-IM2.FS27_BS.002";"20260422T071500Z";"20260422T103000Z";"22.04.2026 09:15:00";"22.04.2026 12:30:00";"Wolfgang Bock";"I 0.04/05";"mmp25c2"
"25c2 Interaktive Medien II";"mod.mmp-IM2.FS27_BS.002";"20260422T113000Z";"20260422T144500Z";"22.04.2026 13:30:00";"22.04.2026 16:45:00";"Wolfgang Bock";"I 0.04/05";"mmp25c2"
"25c2 Interaktive Medien II";"mod.mmp-IM2.FS27_BS.002";"20260504T071500Z";"20260504T103000Z";"04.05.2026 09:15:00";"04.05.2026 12:30:00";"Wolfgang Bock";"I 0.04/05";"mmp25c2"
"25c2 Interaktive Medien II";"mod.mmp-IM2.FS27_BS.002";"20260504T113000Z";"20260504T144500Z";"04.05.2026 13:30:00";"04.05.2026 16:45:00";"Wolfgang Bock";"I 0.04/05";"mmp25c2"
"25c2 Interaktive Medien II";"mod.mmp-IM2.FS27_BS.002";"20260505T071500Z";"20260505T103000Z";"05.05.2026 09:15:00";"05.05.2026 12:30:00";"Wolfgang Bock";"I 0.04/05";"mmp25c2"
"25c2 Interaktive Medien II";"mod.mmp-IM2.FS27_BS.002";"20260505T113000Z";"20260505T144500Z";"05.05.2026 13:30:00";"05.05.2026 16:45:00";"Wolfgang Bock";"I 0.04/05";"mmp25c2"
"25c2 Interaktive Medien II";"mod.mmp-IM2.FS27_BS.002";"20260506T071500Z";"20260506T103000Z";"06.05.2026 09:15:00";"06.05.2026 12:30:00";"Wolfgang Bock";"I 0.04/05";"mmp25c2"
"25c2 Interaktive Medien II";"mod.mmp-IM2.FS27_BS.002";"20260506T113000Z";"20260506T144500Z";"06.05.2026 13:30:00";"06.05.2026 16:45:00";"Wolfgang Bock";"I 0.04/05";"mmp25c2"
"25c2 Interaktive Medien II";"mod.mmp-IM2.FS27_BS.002";"20260507T071500Z";"20260507T103000Z";"07.05.2026 09:15:00";"07.05.2026 12:30:00";"Wolfgang Bock";"I 0.04/05";"mmp25c2"
"25c2 Interaktive Medien II";"mod.mmp-IM2.FS27_BS.002";"20260507T113000Z";"20260507T144500Z";"07.05.2026 13:30:00";"07.05.2026 16:45:00";"Wolfgang Bock";"I 0.04/05";"mmp25c2"
"25c2 Interaktive Medien II";"mod.mmp-IM2.FS27_BS.002";"20260520T071500Z";"20260520T103000Z";"20.05.2026 09:15:00";"20.05.2026 12:30:00";"Wolfgang Bock";"A2.09";"mmp25c2"
"25c2 Interaktive Medien II";"mod.mmp-IM2.FS27_BS.002";"20260520T113000Z";"20260520T144500Z";"20.05.2026 13:30:00";"20.05.2026 16:45:00";"Wolfgang Bock";"A2.09";"mmp25c2"
"25c2 Interaktive Medien II";"mod.mmp-IM2.FS27_BS.002";"20260526T071500Z";"20260526T103000Z";"26.05.2026 09:15:00";"26.05.2026 12:30:00";"Wolfgang Bock";"I 0.04/05";"mmp25c2"
"25c2 Interaktive Medien II";"mod.mmp-IM2.FS27_BS.002";"20260526T113000Z";"20260526T144500Z";"26.05.2026 13:30:00";"26.05.2026 16:45:00";"Wolfgang Bock";"I 0.04/05";"mmp25c2"
"25b Interaktive Medien II";"mod.mmp-IM2.FS27_BS.003";"20260414T071500Z";"20260414T103000Z";"14.04.2026 09:15:00";"14.04.2026 12:30:00";"Wolfgang Bock";"140";"mmp25b"
"25b Interaktive Medien II";"mod.mmp-IM2.FS27_BS.003";"20260414T113000Z";"20260414T144500Z";"14.04.2026 13:30:00";"14.04.2026 16:45:00";"Wolfgang Bock";"140";"mmp25b"
"25b Interaktive Medien II";"mod.mmp-IM2.FS27_BS.003";"20260420T071500Z";"20260420T103000Z";"20.04.2026 09:15:00";"20.04.2026 12:30:00";"Wolfgang Bock";"140";"mmp25b"
"25b Interaktive Medien II";"mod.mmp-IM2.FS27_BS.003";"20260420T113000Z";"20260420T144500Z";"20.04.2026 13:30:00";"20.04.2026 16:45:00";"Wolfgang Bock";"140";"mmp25b"
"25b Interaktive Medien II";"mod.mmp-IM2.FS27_BS.003";"20260421T071500Z";"20260421T103000Z";"21.04.2026 09:15:00";"21.04.2026 12:30:00";"Wolfgang Bock";"140";"mmp25b"
"25b Interaktive Medien II";"mod.mmp-IM2.FS27_BS.003";"20260421T113000Z";"20260421T144500Z";"21.04.2026 13:30:00";"21.04.2026 16:45:00";"Wolfgang Bock";"140";"mmp25b"
"25b Interaktive Medien II";"mod.mmp-IM2.FS27_BS.003";"20260422T071500Z";"20260422T103000Z";"22.04.2026 09:15:00";"22.04.2026 12:30:00";"Wolfgang Bock";"010";"mmp25b"
"25b Interaktive Medien II";"mod.mmp-IM2.FS27_BS.003";"20260422T113000Z";"20260422T144500Z";"22.04.2026 13:30:00";"22.04.2026 16:45:00";"Wolfgang Bock";"010";"mmp25b"
"25b Interaktive Medien II";"mod.mmp-IM2.FS27_BS.003";"20260504T071500Z";"20260504T103000Z";"04.05.2026 09:15:00";"04.05.2026 12:30:00";"Wolfgang Bock";"140";"mmp25b"
"25b Interaktive Medien II";"mod.mmp-IM2.FS27_BS.003";"20260504T113000Z";"20260504T144500Z";"04.05.2026 13:30:00";"04.05.2026 16:45:00";"Wolfgang Bock";"140";"mmp25b"
"25b Interaktive Medien II";"mod.mmp-IM2.FS27_BS.003";"20260505T071500Z";"20260505T103000Z";"05.05.2026 09:15:00";"05.05.2026 12:30:00";"Wolfgang Bock";"140";"mmp25b"
"25b Interaktive Medien II";"mod.mmp-IM2.FS27_BS.003";"20260505T113000Z";"20260505T144500Z";"05.05.2026 13:30:00";"05.05.2026 16:45:00";"Wolfgang Bock";"140";"mmp25b"
"25b Interaktive Medien II";"mod.mmp-IM2.FS27_BS.003";"20260506T071500Z";"20260506T103000Z";"06.05.2026 09:15:00";"06.05.2026 12:30:00";"Wolfgang Bock";"010";"mmp25b"
"25b Interaktive Medien II";"mod.mmp-IM2.FS27_BS.003";"20260506T113000Z";"20260506T144500Z";"06.05.2026 13:30:00";"06.05.2026 16:45:00";"Wolfgang Bock";"010";"mmp25b"
"25b Interaktive Medien II";"mod.mmp-IM2.FS27_BS.003";"20260507T071500Z";"20260507T103000Z";"07.05.2026 09:15:00";"07.05.2026 12:30:00";"Wolfgang Bock";"140";"mmp25b"
"25b Interaktive Medien II";"mod.mmp-IM2.FS27_BS.003";"20260507T113000Z";"20260507T144500Z";"07.05.2026 13:30:00";"07.05.2026 16:45:00";"Wolfgang Bock";"140";"mmp25b"
"25b Interaktive Medien II";"mod.mmp-IM2.FS27_BS.003";"20260520T071500Z";"20260520T103000Z";"20.05.2026 09:15:00";"20.05.2026 12:30:00";"Wolfgang Bock";"010";"mmp25b"
"25b Interaktive Medien II";"mod.mmp-IM2.FS27_BS.003";"20260520T113000Z";"20260520T144500Z";"20.05.2026 13:30:00";"20.05.2026 16:45:00";"Wolfgang Bock";"010";"mmp25b"
"25b Interaktive Medien II";"mod.mmp-IM2.FS27_BS.003";"20260526T071500Z";"20260526T103000Z";"26.05.2026 09:15:00";"26.05.2026 12:30:00";"Wolfgang Bock";"140";"mmp25b"
"25b Interaktive Medien II";"mod.mmp-IM2.FS27_BS.003";"20260526T113000Z";"20260526T144500Z";"26.05.2026 13:30:00";"26.05.2026 16:45:00";"Wolfgang Bock";"140";"mmp25b"
"25cv mod.mmp-IM1.HS26_BS.002";"mod.mmp-IM2.FS27_BS.004";"20260421T071500Z";"20260421T103000Z";"21.04.2026 09:15:00";"21.04.2026 12:30:00";"mod.mmp-IM1.HS26_BS.003";"Z2.02";"mmp25cv"
"25cv mod.mmp-IM1.HS26_BS.002";"mod.mmp-IM2.FS27_BS.004";"20260421T113000Z";"20260421T144500Z";"21.04.2026 13:30:00";"21.04.2026 16:45:00";"mod.mmp-IM1.HS26_BS.003";"Z2.02";"mmp25cv"
"25cv mod.mmp-IM1.HS26_BS.002";"mod.mmp-IM2.FS27_BS.004";"20260422T071500Z";"20260422T103000Z";"22.04.2026 09:15:00";"22.04.2026 12:30:00";"mod.mmp-IM1.HS26_BS.003";"Z2.02";"mmp25cv"
"25cv mod.mmp-IM1.HS26_BS.002";"mod.mmp-IM2.FS27_BS.004";"20260422T113000Z";"20260422T144500Z";"22.04.2026 13:30:00";"22.04.2026 16:45:00";"mod.mmp-IM1.HS26_BS.003";"Z2.02";"mmp25cv"
"25cv mod.mmp-IM1.HS26_BS.002";"mod.mmp-IM2.FS27_BS.004";"20260504T071500Z";"20260504T103000Z";"04.05.2026 09:15:00";"04.05.2026 12:30:00";"mod.mmp-IM1.HS26_BS.003";"Z2.02";"mmp25cv"
"25cv mod.mmp-IM1.HS26_BS.002";"mod.mmp-IM2.FS27_BS.004";"20260504T113000Z";"20260504T144500Z";"04.05.2026 13:30:00";"04.05.2026 16:45:00";"mod.mmp-IM1.HS26_BS.003";"Z2.02";"mmp25cv"
"25cv mod.mmp-IM1.HS26_BS.002";"mod.mmp-IM2.FS27_BS.004";"20260505T071500Z";"20260505T103000Z";"05.05.2026 09:15:00";"05.05.2026 12:30:00";"mod.mmp-IM1.HS26_BS.003";"Z2.02";"mmp25cv"
"25cv mod.mmp-IM1.HS26_BS.002";"mod.mmp-IM2.FS27_BS.004";"20260505T113000Z";"20260505T144500Z";"05.05.2026 13:30:00";"05.05.2026 16:45:00";"mod.mmp-IM1.HS26_BS.003";"Z2.02";"mmp25cv"
"25cv mod.mmp-IM1.HS26_BS.002";"mod.mmp-IM2.FS27_BS.004";"20260526T071500Z";"20260526T103000Z";"26.05.2026 09:15:00";"26.05.2026 12:30:00";"mod.mmp-IM1.HS26_BS.003";"Z2.02";"mmp25cv"
"25cv mod.mmp-IM1.HS26_BS.002";"mod.mmp-IM2.FS27_BS.004";"20260526T113000Z";"20260526T144500Z";"26.05.2026 13:30:00";"26.05.2026 16:45:00";"mod.mmp-IM1.HS26_BS.003";"Z2.02";"mmp25cv"
"24c2 Interaktive Medien IV";"mod.mmp-INTEM04.FS27_BS.002";"20260427T071500Z";"20260427T103000Z";"27.04.2026 09:15:00";"27.04.2026 12:30:00";"Wolfgang Bock";"I 0.02/03";"mmp24c2"
"24c2 Interaktive Medien IV";"mod.mmp-INTEM04.FS27_BS.002";"20260427T071500Z";"20260427T103000Z";"27.04.2026 09:15:00";"27.04.2026 12:30:00";"Wolfgang Bock";"I 0.02/03";"mmp24c2"
"24c2 Interaktive Medien IV";"mod.mmp-INTEM04.FS27_BS.002";"20260427T113000Z";"20260427T144500Z";"27.04.2026 13:30:00";"27.04.2026 16:45:00";"Wolfgang Bock";"I 0.02/03";"mmp24c2"
"24c2 Interaktive Medien IV";"mod.mmp-INTEM04.FS27_BS.002";"20260427T113000Z";"20260427T144500Z";"27.04.2026 13:30:00";"27.04.2026 16:45:00";"Wolfgang Bock";"I 0.02/03";"mmp24c2"
"24c2 Interaktive Medien IV";"mod.mmp-INTEM04.FS27_BS.002";"20260428T071500Z";"20260428T103000Z";"28.04.2026 09:15:00";"28.04.2026 12:30:00";"Wolfgang Bock";"I 0.02/03";"mmp24c2"
"24c2 Interaktive Medien IV";"mod.mmp-INTEM04.FS27_BS.002";"20260428T071500Z";"20260428T103000Z";"28.04.2026 09:15:00";"28.04.2026 12:30:00";"Wolfgang Bock";"I 0.02/03";"mmp24c2"
"24c2 Interaktive Medien IV";"mod.mmp-INTEM04.FS27_BS.002";"20260428T113000Z";"20260428T144500Z";"28.04.2026 13:30:00";"28.04.2026 16:45:00";"Wolfgang Bock";"I 0.02/03";"mmp24c2"
"24c2 Interaktive Medien IV";"mod.mmp-INTEM04.FS27_BS.002";"20260428T113000Z";"20260428T144500Z";"28.04.2026 13:30:00";"28.04.2026 16:45:00";"Wolfgang Bock";"I 0.02/03";"mmp24c2"
"24c2 Interaktive Medien IV";"mod.mmp-INTEM04.FS27_BS.002";"20260429T071500Z";"20260429T103000Z";"29.04.2026 09:15:00";"29.04.2026 12:30:00";"Wolfgang Bock";"I 0.02/03";"mmp24c2"
"24c2 Interaktive Medien IV";"mod.mmp-INTEM04.FS27_BS.002";"20260429T071500Z";"20260429T103000Z";"29.04.2026 09:15:00";"29.04.2026 12:30:00";"Wolfgang Bock";"I 0.02/03";"mmp24c2"
"24c2 Interaktive Medien IV";"mod.mmp-INTEM04.FS27_BS.002";"20260429T113000Z";"20260429T144500Z";"29.04.2026 13:30:00";"29.04.2026 16:45:00";"Wolfgang Bock";"I 0.02/03";"mmp24c2"
"24c2 Interaktive Medien IV";"mod.mmp-INTEM04.FS27_BS.002";"20260429T113000Z";"20260429T144500Z";"29.04.2026 13:30:00";"29.04.2026 16:45:00";"Wolfgang Bock";"I 0.02/03";"mmp24c2"
"24c2 Interaktive Medien IV";"mod.mmp-INTEM04.FS27_BS.002";"20260430T071500Z";"20260430T103000Z";"30.04.2026 09:15:00";"30.04.2026 12:30:00";"Wolfgang Bock";"I 0.02/03";"mmp24c2"
"24c2 Interaktive Medien IV";"mod.mmp-INTEM04.FS27_BS.002";"20260430T071500Z";"20260430T103000Z";"30.04.2026 09:15:00";"30.04.2026 12:30:00";"Wolfgang Bock";"I 0.02/03";"mmp24c2"
"24c2 Interaktive Medien IV";"mod.mmp-INTEM04.FS27_BS.002";"20260430T113000Z";"20260430T144500Z";"30.04.2026 13:30:00";"30.04.2026 16:45:00";"Wolfgang Bock";"I 0.02/03";"mmp24c2"
"24c2 Interaktive Medien IV";"mod.mmp-INTEM04.FS27_BS.002";"20260430T113000Z";"20260430T144500Z";"30.04.2026 13:30:00";"30.04.2026 16:45:00";"Wolfgang Bock";"I 0.02/03";"mmp24c2"
"24c2 Interaktive Medien IV";"mod.mmp-INTEM04.FS27_BS.002";"20260511T071500Z";"20260511T103000Z";"11.05.2026 09:15:00";"11.05.2026 12:30:00";"Wolfgang Bock";"I 0.04/05";"mmp24c2"
"24c2 Interaktive Medien IV";"mod.mmp-INTEM04.FS27_BS.002";"20260511T071500Z";"20260511T103000Z";"11.05.2026 09:15:00";"11.05.2026 12:30:00";"Wolfgang Bock";"I 0.04/05";"mmp24c2"
"24c2 Interaktive Medien IV";"mod.mmp-INTEM04.FS27_BS.002";"20260511T113000Z";"20260511T144500Z";"11.05.2026 13:30:00";"11.05.2026 16:45:00";"Wolfgang Bock";"I 0.04/05";"mmp24c2"
"24c2 Interaktive Medien IV";"mod.mmp-INTEM04.FS27_BS.002";"20260511T113000Z";"20260511T144500Z";"11.05.2026 13:30:00";"11.05.2026 16:45:00";"Wolfgang Bock";"I 0.04/05";"mmp24c2"
"24c2 Interaktive Medien IV";"mod.mmp-INTEM04.FS27_BS.002";"20260512T071500Z";"20260512T103000Z";"12.05.2026 09:15:00";"12.05.2026 12:30:00";"Wolfgang Bock";"I 0.04/05";"mmp24c2"
"24c2 Interaktive Medien IV";"mod.mmp-INTEM04.FS27_BS.002";"20260512T071500Z";"20260512T103000Z";"12.05.2026 09:15:00";"12.05.2026 12:30:00";"Wolfgang Bock";"I 0.04/05";"mmp24c2"
"24c2 Interaktive Medien IV";"mod.mmp-INTEM04.FS27_BS.002";"20260512T113000Z";"20260512T144500Z";"12.05.2026 13:30:00";"12.05.2026 16:45:00";"Wolfgang Bock";"I 0.04/05";"mmp24c2"
"24c2 Interaktive Medien IV";"mod.mmp-INTEM04.FS27_BS.002";"20260512T113000Z";"20260512T144500Z";"12.05.2026 13:30:00";"12.05.2026 16:45:00";"Wolfgang Bock";"I 0.04/05";"mmp24c2"
"24c2 Interaktive Medien IV";"mod.mmp-INTEM04.FS27_BS.002";"20260513T071500Z";"20260513T103000Z";"13.05.2026 09:15:00";"13.05.2026 12:30:00";"Wolfgang Bock";"I 0.04/05";"mmp24c2"
"24c2 Interaktive Medien IV";"mod.mmp-INTEM04.FS27_BS.002";"20260513T071500Z";"20260513T103000Z";"13.05.2026 09:15:00";"13.05.2026 12:30:00";"Wolfgang Bock";"I 0.04/05";"mmp24c2"
"24c2 Interaktive Medien IV";"mod.mmp-INTEM04.FS27_BS.002";"20260513T113000Z";"20260513T144500Z";"13.05.2026 13:30:00";"13.05.2026 16:45:00";"Wolfgang Bock";"I 0.04/05";"mmp24c2"
"24c2 Interaktive Medien IV";"mod.mmp-INTEM04.FS27_BS.002";"20260513T113000Z";"20260513T144500Z";"13.05.2026 13:30:00";"13.05.2026 16:45:00";"Wolfgang Bock";"I 0.04/05";"mmp24c2"
"24c2 Interaktive Medien IV";"mod.mmp-INTEM04.FS27_BS.002";"20260521T071500Z";"20260521T103000Z";"21.05.2026 09:15:00";"21.05.2026 12:30:00";"Wolfgang Bock";"I 0.04/05";"mmp24c2"
"24c2 Interaktive Medien IV";"mod.mmp-INTEM04.FS27_BS.002";"20260521T071500Z";"20260521T103000Z";"21.05.2026 09:15:00";"21.05.2026 12:30:00";"Wolfgang Bock";"I 0.04/05";"mmp24c2"
"24c2 Interaktive Medien IV";"mod.mmp-INTEM04.FS27_BS.002";"20260521T113000Z";"20260521T144500Z";"21.05.2026 13:30:00";"21.05.2026 16:45:00";"Wolfgang Bock";"I 0.04/05";"mmp24c2"
"24c2 Interaktive Medien IV";"mod.mmp-INTEM04.FS27_BS.002";"20260521T113000Z";"20260521T144500Z";"21.05.2026 13:30:00";"21.05.2026 16:45:00";"Wolfgang Bock";"I 0.04/05";"mmp24c2"
"24b Interaktive Medien IV";"mod.mmp-INTEM04.FS27_BS.003";"20260427T071500Z";"20260427T103000Z";"27.04.2026 09:15:00";"27.04.2026 12:30:00";"Wolfgang Bock";"140";"mmp24b"
"24b Interaktive Medien IV";"mod.mmp-INTEM04.FS27_BS.003";"20260427T113000Z";"20260427T144500Z";"27.04.2026 13:30:00";"27.04.2026 16:45:00";"Wolfgang Bock";"140";"mmp24b"
"24b Interaktive Medien IV";"mod.mmp-INTEM04.FS27_BS.003";"20260428T071500Z";"20260428T103000Z";"28.04.2026 09:15:00";"28.04.2026 12:30:00";"Wolfgang Bock";"140";"mmp24b"
"24b Interaktive Medien IV";"mod.mmp-INTEM04.FS27_BS.003";"20260428T113000Z";"20260428T144500Z";"28.04.2026 13:30:00";"28.04.2026 16:45:00";"Wolfgang Bock";"140";"mmp24b"
"24b Interaktive Medien IV";"mod.mmp-INTEM04.FS27_BS.003";"20260429T071500Z";"20260429T103000Z";"29.04.2026 09:15:00";"29.04.2026 12:30:00";"Wolfgang Bock";"211";"mmp24b"
"24b Interaktive Medien IV";"mod.mmp-INTEM04.FS27_BS.003";"20260429T113000Z";"20260429T144500Z";"29.04.2026 13:30:00";"29.04.2026 16:45:00";"Wolfgang Bock";"211";"mmp24b"
"24b Interaktive Medien IV";"mod.mmp-INTEM04.FS27_BS.003";"20260430T071500Z";"20260430T103000Z";"30.04.2026 09:15:00";"30.04.2026 12:30:00";"Wolfgang Bock";"211";"mmp24b"
"24b Interaktive Medien IV";"mod.mmp-INTEM04.FS27_BS.003";"20260430T113000Z";"20260430T144500Z";"30.04.2026 13:30:00";"30.04.2026 16:45:00";"Wolfgang Bock";"211";"mmp24b"
"24b Interaktive Medien IV";"mod.mmp-INTEM04.FS27_BS.003";"20260511T071500Z";"20260511T103000Z";"11.05.2026 09:15:00";"11.05.2026 12:30:00";"Wolfgang Bock";"140";"mmp24b"
"24b Interaktive Medien IV";"mod.mmp-INTEM04.FS27_BS.003";"20260511T113000Z";"20260511T144500Z";"11.05.2026 13:30:00";"11.05.2026 16:45:00";"Wolfgang Bock";"140";"mmp24b"
"24b Interaktive Medien IV";"mod.mmp-INTEM04.FS27_BS.003";"20260512T071500Z";"20260512T103000Z";"12.05.2026 09:15:00";"12.05.2026 12:30:00";"Wolfgang Bock";"10";"mmp24b"
"24b Interaktive Medien IV";"mod.mmp-INTEM04.FS27_BS.003";"20260512T113000Z";"20260512T144500Z";"12.05.2026 13:30:00";"12.05.2026 16:45:00";"Wolfgang Bock";"10";"mmp24b"
"24b Interaktive Medien IV";"mod.mmp-INTEM04.FS27_BS.003";"20260513T071500Z";"20260513T103000Z";"13.05.2026 09:15:00";"13.05.2026 12:30:00";"Wolfgang Bock";"010";"mmp24b"
"24b Interaktive Medien IV";"mod.mmp-INTEM04.FS27_BS.003";"20260513T113000Z";"20260513T144500Z";"13.05.2026 13:30:00";"13.05.2026 16:45:00";"Wolfgang Bock";"010";"mmp24b"
"24b Interaktive Medien IV";"mod.mmp-INTEM04.FS27_BS.003";"20260521T071500Z";"20260521T103000Z";"21.05.2026 09:15:00";"21.05.2026 12:30:00";"Wolfgang Bock";"010";"mmp24b"
"24b Interaktive Medien IV";"mod.mmp-INTEM04.FS27_BS.003";"20260521T113000Z";"20260521T144500Z";"21.05.2026 13:30:00";"21.05.2026 16:45:00";"Wolfgang Bock";"010";"mmp24b"